pathway,gene
KEGG_ABC_TRANSPORTERS,10351
KEGG_ABC_TRANSPORTERS,23460
KEGG_ABC_TRANSPORTERS,10057
KEGG_ABC_TRANSPORTERS,20
KEGG_ABC_TRANSPORTERS,215
KEGG_ACUTE_MYELOID_LEUKEMIA,6934
KEGG_ACUTE_MYELOID_LEUKEMIA,595
KEGG_ACUTE_MYELOID_LEUKEMIA,51176
KEGG_ACUTE_MYELOID_LEUKEMIA,5914
KEGG_ACUTE_MYELOID_LEUKEMIA,6932
KEGG_ADHERENS_JUNCTION,3643
KEGG_ADHERENS_JUNCTION,5787
KEGG_ADHERENS_JUNCTION,6934
KEGG_ADHERENS_JUNCTION,7525
KEGG_ADHERENS_JUNCTION,81
KEGG_ADHERENS_JUNCTION,4008
KEGG_ADHERENS_JUNCTION,51176
KEGG_ADHERENS_JUNCTION,10580
KEGG_ADHERENS_JUNCTION,4233
KEGG_ADHERENS_JUNCTION,10458
KEGG_ADHERENS_JUNCTION,7414
KEGG_ADHERENS_JUNCTION,6714
KEGG_ADHERENS_JUNCTION,2260
KEGG_ADHERENS_JUNCTION,6932
KEGG_ADHERENS_JUNCTION,1956
KEGG_ADHERENS_JUNCTION,1500
KEGG_ADHERENS_JUNCTION,10810
KEGG_ADIPOCYTOKINE_SIGNALING_PATHWAY,948
KEGG_ADIPOCYTOKINE_SIGNALING_PATHWAY,5563
KEGG_ADIPOCYTOKINE_SIGNALING_PATHWAY,9370
KEGG_ADIPOCYTOKINE_SIGNALING_PATHWAY,5602
KEGG_ADIPOCYTOKINE_SIGNALING_PATHWAY,23305
KEGG_ADIPOCYTOKINE_SIGNALING_PATHWAY,5588
KEGG_ADIPOCYTOKINE_SIGNALING_PATHWAY,6256
KEGG_ADIPOCYTOKINE_SIGNALING_PATHWAY,8660
KEGG_ADIPOCYTOKINE_SIGNALING_PATHWAY,3953
KEGG_ADIPOCYTOKINE_SIGNALING_PATHWAY,9021
KEGG_ALANINE_ASPARTATE_AND_GLUTAMATE_METABOLISM,9945
KEGG_ALANINE_ASPARTATE_AND_GLUTAMATE_METABOLISM,91703
KEGG_ALANINE_ASPARTATE_AND_GLUTAMATE_METABOLISM,1373
KEGG_ALANINE_ASPARTATE_AND_GLUTAMATE_METABOLISM,7915
KEGG_ALANINE_ASPARTATE_AND_GLUTAMATE_METABOLISM,443
KEGG_ALDOSTERONE_REGULATED_SODIUM_REABSORPTION,3643
KEGG_ALDOSTERONE_REGULATED_SODIUM_REABSORPTION,481
KEGG_ALDOSTERONE_REGULATED_SODIUM_REABSORPTION,9351
KEGG_ALDOSTERONE_REGULATED_SODIUM_REABSORPTION,3291
KEGG_ALDOSTERONE_REGULATED_SODIUM_REABSORPTION,477
KEGG_ALDOSTERONE_REGULATED_SODIUM_REABSORPTION,8660
KEGG_ALDOSTERONE_REGULATED_SODIUM_REABSORPTION,482
KEGG_ALDOSTERONE_REGULATED_SODIUM_REABSORPTION,6338
KEGG_ALLOGRAFT_REJECTION,940
KEGG_ALLOGRAFT_REJECTION,959
KEGG_ALLOGRAFT_REJECTION,3458
KEGG_ALLOGRAFT_REJECTION,3586
KEGG_ALLOGRAFT_REJECTION,3133
KEGG_ALZHEIMERS_DISEASE,776
KEGG_ALZHEIMERS_DISEASE,4023
KEGG_ALZHEIMERS_DISEASE,5331
KEGG_ALZHEIMERS_DISEASE,6622
KEGG_ALZHEIMERS_DISEASE,775
KEGG_ALZHEIMERS_DISEASE,6263
KEGG_ALZHEIMERS_DISEASE,56901
KEGG_ALZHEIMERS_DISEASE,23621
KEGG_ALZHEIMERS_DISEASE,1346
KEGG_ALZHEIMERS_DISEASE,2597
KEGG_ALZHEIMERS_DISEASE,836
KEGG_ALZHEIMERS_DISEASE,4035
KEGG_ALZHEIMERS_DISEASE,84701
KEGG_AMINO_SUGAR_AND_NUCLEOTIDE_SUGAR_METABOLISM,3101
KEGG_AMINO_SUGAR_AND_NUCLEOTIDE_SUGAR_METABOLISM,1118
KEGG_AMINO_SUGAR_AND_NUCLEOTIDE_SUGAR_METABOLISM,9945
KEGG_AMINO_SUGAR_AND_NUCLEOTIDE_SUGAR_METABOLISM,5973
KEGG_AMINO_SUGAR_AND_NUCLEOTIDE_SUGAR_METABOLISM,2582
KEGG_AMYOTROPHIC_LATERAL_SCLEROSIS_ALS,5961
KEGG_AMYOTROPHIC_LATERAL_SCLEROSIS_ALS,6506
KEGG_AMYOTROPHIC_LATERAL_SCLEROSIS_ALS,836
KEGG_ANTIGEN_PROCESSING_AND_PRESENTATION,3306
KEGG_ANTIGEN_PROCESSING_AND_PRESENTATION,3824
KEGG_ANTIGEN_PROCESSING_AND_PRESENTATION,925
KEGG_ANTIGEN_PROCESSING_AND_PRESENTATION,3310
KEGG_ANTIGEN_PROCESSING_AND_PRESENTATION,3822
KEGG_ANTIGEN_PROCESSING_AND_PRESENTATION,3821
KEGG_ANTIGEN_PROCESSING_AND_PRESENTATION,3133
KEGG_ANTIGEN_PROCESSING_AND_PRESENTATION,926
KEGG_ANTIGEN_PROCESSING_AND_PRESENTATION,3823
KEGG_APOPTOSIS,5566
KEGG_APOPTOSIS,8794
KEGG_APOPTOSIS,5577
KEGG_APOPTOSIS,23052
KEGG_APOPTOSIS,11213
KEGG_APOPTOSIS,5575
KEGG_APOPTOSIS,843
KEGG_APOPTOSIS,4803
KEGG_APOPTOSIS,836
KEGG_APOPTOSIS,330
KEGG_ARACHIDONIC_ACID_METABOLISM,4051
KEGG_ARACHIDONIC_ACID_METABOLISM,26279
KEGG_ARACHIDONIC_ACID_METABOLISM,6916
KEGG_ARACHIDONIC_ACID_METABOLISM,9536
KEGG_ARACHIDONIC_ACID_METABOLISM,8644
KEGG_ARACHIDONIC_ACID_METABOLISM,5320
KEGG_ARACHIDONIC_ACID_METABOLISM,5743
KEGG_ARACHIDONIC_ACID_METABOLISM,4056
KEGG_ARGININE_AND_PROLINE_METABOLISM,4846
KEGG_ARGININE_AND_PROLINE_METABOLISM,8974
KEGG_ARGININE_AND_PROLINE_METABOLISM,4843
KEGG_ARGININE_AND_PROLINE_METABOLISM,4129
KEGG_ARGININE_AND_PROLINE_METABOLISM,383
KEGG_ARGININE_AND_PROLINE_METABOLISM,1373
KEGG_ARGININE_AND_PROLINE_METABOLISM,4953
KEGG_ARGININE_AND_PROLINE_METABOLISM,283208
KEGG_ARGININE_AND_PROLINE_METABOLISM,5831
KEGG_ARGININE_AND_PROLINE_METABOLISM,79814
KEGG_ARRHYTHMOGENIC_RIGHT_VENTRICULAR_CARDIOMYOPATHY_ARVC,3691
KEGG_ARRHYTHMOGENIC_RIGHT_VENTRICULAR_CARDIOMYOPATHY_ARVC,776
KEGG_ARRHYTHMOGENIC_RIGHT_VENTRICULAR_CARDIOMYOPATHY_ARVC,2697
KEGG_ARRHYTHMOGENIC_RIGHT_VENTRICULAR_CARDIOMYOPATHY_ARVC,3673
KEGG_ARRHYTHMOGENIC_RIGHT_VENTRICULAR_CARDIOMYOPATHY_ARVC,1000
KEGG_ARRHYTHMOGENIC_RIGHT_VENTRICULAR_CARDIOMYOPATHY_ARVC,3674
KEGG_ARRHYTHMOGENIC_RIGHT_VENTRICULAR_CARDIOMYOPATHY_ARVC,6934
KEGG_ARRHYTHMOGENIC_RIGHT_VENTRICULAR_CARDIOMYOPATHY_ARVC,3672
KEGG_ARRHYTHMOGENIC_RIGHT_VENTRICULAR_CARDIOMYOPATHY_ARVC,81
KEGG_ARRHYTHMOGENIC_RIGHT_VENTRICULAR_CARDIOMYOPATHY_ARVC,3680
KEGG_ARRHYTHMOGENIC_RIGHT_VENTRICULAR_CARDIOMYOPATHY_ARVC,775
KEGG_ARRHYTHMOGENIC_RIGHT_VENTRICULAR_CARDIOMYOPATHY_ARVC,6262
KEGG_ARRHYTHMOGENIC_RIGHT_VENTRICULAR_CARDIOMYOPATHY_ARVC,3696
KEGG_ARRHYTHMOGENIC_RIGHT_VENTRICULAR_CARDIOMYOPATHY_ARVC,51176
KEGG_ARRHYTHMOGENIC_RIGHT_VENTRICULAR_CARDIOMYOPATHY_ARVC,22801
KEGG_ARRHYTHMOGENIC_RIGHT_VENTRICULAR_CARDIOMYOPATHY_ARVC,3693
KEGG_ARRHYTHMOGENIC_RIGHT_VENTRICULAR_CARDIOMYOPATHY_ARVC,3675
KEGG_ARRHYTHMOGENIC_RIGHT_VENTRICULAR_CARDIOMYOPATHY_ARVC,3655
KEGG_ARRHYTHMOGENIC_RIGHT_VENTRICULAR_CARDIOMYOPATHY_ARVC,6442
KEGG_ARRHYTHMOGENIC_RIGHT_VENTRICULAR_CARDIOMYOPATHY_ARVC,3690
KEGG_ARRHYTHMOGENIC_RIGHT_VENTRICULAR_CARDIOMYOPATHY_ARVC,3908
KEGG_ARRHYTHMOGENIC_RIGHT_VENTRICULAR_CARDIOMYOPATHY_ARVC,8516
KEGG_ARRHYTHMOGENIC_RIGHT_VENTRICULAR_CARDIOMYOPATHY_ARVC,1829
KEGG_ARRHYTHMOGENIC_RIGHT_VENTRICULAR_CARDIOMYOPATHY_ARVC,6444
KEGG_ARRHYTHMOGENIC_RIGHT_VENTRICULAR_CARDIOMYOPATHY_ARVC,6932
KEGG_ARRHYTHMOGENIC_RIGHT_VENTRICULAR_CARDIOMYOPATHY_ARVC,1756
KEGG_ARRHYTHMOGENIC_RIGHT_VENTRICULAR_CARDIOMYOPATHY_ARVC,1674
KEGG_ARRHYTHMOGENIC_RIGHT_VENTRICULAR_CARDIOMYOPATHY_ARVC,6546
KEGG_ASTHMA,959
KEGG_ASTHMA,3586
KEGG_ASTHMA,2206
KEGG_ASTHMA,2207
KEGG_AUTOIMMUNE_THYROID_DISEASE,7173
KEGG_AUTOIMMUNE_THYROID_DISEASE,1493
KEGG_AUTOIMMUNE_THYROID_DISEASE,940
KEGG_AUTOIMMUNE_THYROID_DISEASE,7038
KEGG_AUTOIMMUNE_THYROID_DISEASE,959
KEGG_AUTOIMMUNE_THYROID_DISEASE,3586
KEGG_AUTOIMMUNE_THYROID_DISEASE,3133
KEGG_AXON_GUIDANCE,2045
KEGG_AXON_GUIDANCE,84448
KEGG_AXON_GUIDANCE,59277
KEGG_AXON_GUIDANCE,223117
KEGG_AXON_GUIDANCE,2046
KEGG_AXON_GUIDANCE,10501
KEGG_AXON_GUIDANCE,8633
KEGG_AXON_GUIDANCE,10512
KEGG_AXON_GUIDANCE,6405
KEGG_AXON_GUIDANCE,9353
KEGG_AXON_GUIDANCE,2242
KEGG_AXON_GUIDANCE,1946
KEGG_AXON_GUIDANCE,7869
KEGG_AXON_GUIDANCE,2044
KEGG_AXON_GUIDANCE,5364
KEGG_AXON_GUIDANCE,2050
KEGG_AXON_GUIDANCE,56920
KEGG_AXON_GUIDANCE,23654
KEGG_AXON_GUIDANCE,2042
KEGG_AXON_GUIDANCE,54910
KEGG_AXON_GUIDANCE,90249
KEGG_AXON_GUIDANCE,4233
KEGG_AXON_GUIDANCE,1808
KEGG_AXON_GUIDANCE,1947
KEGG_AXON_GUIDANCE,57522
KEGG_AXON_GUIDANCE,57556
KEGG_AXON_GUIDANCE,3983
KEGG_AXON_GUIDANCE,2041
KEGG_AXON_GUIDANCE,10298
KEGG_AXON_GUIDANCE,8829
KEGG_AXON_GUIDANCE,64221
KEGG_AXON_GUIDANCE,219699
KEGG_AXON_GUIDANCE,6586
KEGG_AXON_GUIDANCE,1949
KEGG_AXON_GUIDANCE,54437
KEGG_BASAL_CELL_CARCINOMA,6934
KEGG_BASAL_CELL_CARCINOMA,7472
KEGG_BASAL_CELL_CARCINOMA,650
KEGG_BASAL_CELL_CARCINOMA,8325
KEGG_BASAL_CELL_CARCINOMA,51176
KEGG_BASAL_CELL_CARCINOMA,7476
KEGG_BASAL_CELL_CARCINOMA,7475
KEGG_BASAL_CELL_CARCINOMA,7976
KEGG_BASAL_CELL_CARCINOMA,1855
KEGG_BASAL_CELL_CARCINOMA,11211
KEGG_BASAL_CELL_CARCINOMA,6932
KEGG_BASAL_CELL_CARCINOMA,8321
KEGG_BASAL_CELL_CARCINOMA,8313
KEGG_BASE_EXCISION_REPAIR,5111
KEGG_BASE_EXCISION_REPAIR,4968
KEGG_BASE_EXCISION_REPAIR,2237
KEGG_BASE_EXCISION_REPAIR,55247
KEGG_BASE_EXCISION_REPAIR,142
KEGG_BASE_EXCISION_REPAIR,5427
KEGG_BLADDER_CANCER,595
KEGG_BLADDER_CANCER,7422
KEGG_BLADDER_CANCER,2261
KEGG_BLADDER_CANCER,4318
KEGG_BLADDER_CANCER,1869
KEGG_BLADDER_CANCER,5228
KEGG_BLADDER_CANCER,23604
KEGG_BLADDER_CANCER,1956
KEGG_BLADDER_CANCER,1870
KEGG_BLADDER_CANCER,1029
KEGG_BUTANOATE_METABOLISM,35
KEGG_BUTANOATE_METABOLISM,39
KEGG_BUTANOATE_METABOLISM,5019
KEGG_BUTANOATE_METABOLISM,7915
KEGG_BUTANOATE_METABOLISM,54988
KEGG_BUTANOATE_METABOLISM,341392
KEGG_CALCIUM_SIGNALING_PATHWAY,4846
KEGG_CALCIUM_SIGNALING_PATHWAY,776
KEGG_CALCIUM_SIGNALING_PATHWAY,51196
KEGG_CALCIUM_SIGNALING_PATHWAY,147
KEGG_CALCIUM_SIGNALING_PATHWAY,5566
KEGG_CALCIUM_SIGNALING_PATHWAY,6869
KEGG_CALCIUM_SIGNALING_PATHWAY,185
KEGG_CALCIUM_SIGNALING_PATHWAY,6915
KEGG_CALCIUM_SIGNALING_PATHWAY,5331
KEGG_CALCIUM_SIGNALING_PATHWAY,146
KEGG_CALCIUM_SIGNALING_PATHWAY,2767
KEGG_CALCIUM_SIGNALING_PATHWAY,775
KEGG_CALCIUM_SIGNALING_PATHWAY,6262
KEGG_CALCIUM_SIGNALING_PATHWAY,5153
KEGG_CALCIUM_SIGNALING_PATHWAY,85366
KEGG_CALCIUM_SIGNALING_PATHWAY,153
KEGG_CALCIUM_SIGNALING_PATHWAY,1131
KEGG_CALCIUM_SIGNALING_PATHWAY,6263
KEGG_CALCIUM_SIGNALING_PATHWAY,2149
KEGG_CALCIUM_SIGNALING_PATHWAY,5255
KEGG_CALCIUM_SIGNALING_PATHWAY,148
KEGG_CALCIUM_SIGNALING_PATHWAY,4843
KEGG_CALCIUM_SIGNALING_PATHWAY,9127
KEGG_CALCIUM_SIGNALING_PATHWAY,5156
KEGG_CALCIUM_SIGNALING_PATHWAY,2774
KEGG_CALCIUM_SIGNALING_PATHWAY,5733
KEGG_CALCIUM_SIGNALING_PATHWAY,8877
KEGG_CALCIUM_SIGNALING_PATHWAY,814
KEGG_CALCIUM_SIGNALING_PATHWAY,115
KEGG_CALCIUM_SIGNALING_PATHWAY,5737
KEGG_CALCIUM_SIGNALING_PATHWAY,3362
KEGG_CALCIUM_SIGNALING_PATHWAY,4638
KEGG_CALCIUM_SIGNALING_PATHWAY,8913
KEGG_CALCIUM_SIGNALING_PATHWAY,1956
KEGG_CALCIUM_SIGNALING_PATHWAY,3357
KEGG_CALCIUM_SIGNALING_PATHWAY,8911
KEGG_CALCIUM_SIGNALING_PATHWAY,6546
KEGG_CALCIUM_SIGNALING_PATHWAY,6547
KEGG_CARDIAC_MUSCLE_CONTRACTION,776
KEGG_CARDIAC_MUSCLE_CONTRACTION,7139
KEGG_CARDIAC_MUSCLE_CONTRACTION,481
KEGG_CARDIAC_MUSCLE_CONTRACTION,775
KEGG_CARDIAC_MUSCLE_CONTRACTION,6262
KEGG_CARDIAC_MUSCLE_CONTRACTION,477
KEGG_CARDIAC_MUSCLE_CONTRACTION,1346
KEGG_CARDIAC_MUSCLE_CONTRACTION,482
KEGG_CARDIAC_MUSCLE_CONTRACTION,84701
KEGG_CARDIAC_MUSCLE_CONTRACTION,7168
KEGG_CARDIAC_MUSCLE_CONTRACTION,6546
KEGG_CELL_ADHESION_MOLECULES_CAMS,1002
KEGG_CELL_ADHESION_MOLECULES_CAMS,9369
KEGG_CELL_ADHESION_MOLECULES_CAMS,6403
KEGG_CELL_ADHESION_MOLECULES_CAMS,8174
KEGG_CELL_ADHESION_MOLECULES_CAMS,1000
KEGG_CELL_ADHESION_MOLECULES_CAMS,51208
KEGG_CELL_ADHESION_MOLECULES_CAMS,1493
KEGG_CELL_ADHESION_MOLECULES_CAMS,940
KEGG_CELL_ADHESION_MOLECULES_CAMS,914
KEGG_CELL_ADHESION_MOLECULES_CAMS,7412
KEGG_CELL_ADHESION_MOLECULES_CAMS,9080
KEGG_CELL_ADHESION_MOLECULES_CAMS,3680
KEGG_CELL_ADHESION_MOLECULES_CAMS,4685
KEGG_CELL_ADHESION_MOLECULES_CAMS,23114
KEGG_CELL_ADHESION_MOLECULES_CAMS,1001
KEGG_CELL_ADHESION_MOLECULES_CAMS,29851
KEGG_CELL_ADHESION_MOLECULES_CAMS,3384
KEGG_CELL_ADHESION_MOLECULES_CAMS,4897
KEGG_CELL_ADHESION_MOLECULES_CAMS,3696
KEGG_CELL_ADHESION_MOLECULES_CAMS,6401
KEGG_CELL_ADHESION_MOLECULES_CAMS,9076
KEGG_CELL_ADHESION_MOLECULES_CAMS,4684
KEGG_CELL_ADHESION_MOLECULES_CAMS,959
KEGG_CELL_ADHESION_MOLECULES_CAMS,3655
KEGG_CELL_ADHESION_MOLECULES_CAMS,57863
KEGG_CELL_ADHESION_MOLECULES_CAMS,8516
KEGG_CELL_ADHESION_MOLECULES_CAMS,923
KEGG_CELL_ADHESION_MOLECULES_CAMS,58494
KEGG_CELL_ADHESION_MOLECULES_CAMS,257194
KEGG_CELL_ADHESION_MOLECULES_CAMS,10686
KEGG_CELL_ADHESION_MOLECULES_CAMS,57502
KEGG_CELL_ADHESION_MOLECULES_CAMS,925
KEGG_CELL_ADHESION_MOLECULES_CAMS,80381
KEGG_CELL_ADHESION_MOLECULES_CAMS,5010
KEGG_CELL_ADHESION_MOLECULES_CAMS,3133
KEGG_CELL_ADHESION_MOLECULES_CAMS,9672
KEGG_CELL_ADHESION_MOLECULES_CAMS,926
KEGG_CELL_ADHESION_MOLECULES_CAMS,137075
KEGG_CELL_CYCLE,595
KEGG_CELL_CYCLE,7042
KEGG_CELL_CYCLE,4085
KEGG_CELL_CYCLE,9134
KEGG_CELL_CYCLE,4175
KEGG_CELL_CYCLE,10926
KEGG_CELL_CYCLE,5111
KEGG_CELL_CYCLE,4171
KEGG_CELL_CYCLE,891
KEGG_CELL_CYCLE,8318
KEGG_CELL_CYCLE,5933
KEGG_CELL_CYCLE,1111
KEGG_CELL_CYCLE,890
KEGG_CELL_CYCLE,7465
KEGG_CELL_CYCLE,983
KEGG_CELL_CYCLE,9133
KEGG_CELL_CYCLE,9232
KEGG_CELL_CYCLE,701
KEGG_CELL_CYCLE,4173
KEGG_CELL_CYCLE,7272
KEGG_CELL_CYCLE,4172
KEGG_CELL_CYCLE,4998
KEGG_CELL_CYCLE,1869
KEGG_CELL_CYCLE,1875
KEGG_CELL_CYCLE,991
KEGG_CELL_CYCLE,699
KEGG_CELL_CYCLE,990
KEGG_CELL_CYCLE,9700
KEGG_CELL_CYCLE,5347
KEGG_CELL_CYCLE,23594
KEGG_CELL_CYCLE,7043
KEGG_CELL_CYCLE,1030
KEGG_CELL_CYCLE,898
KEGG_CELL_CYCLE,4176
KEGG_CELL_CYCLE,995
KEGG_CELL_CYCLE,1031
KEGG_CELL_CYCLE,993
KEGG_CELL_CYCLE,1870
KEGG_CELL_CYCLE,1029
KEGG_CELL_CYCLE,7027
KEGG_CELL_CYCLE,9088
KEGG_CHEMOKINE_SIGNALING_PATHWAY,6372
KEGG_CHEMOKINE_SIGNALING_PATHWAY,5473
KEGG_CHEMOKINE_SIGNALING_PATHWAY,3577
KEGG_CHEMOKINE_SIGNALING_PATHWAY,3579
KEGG_CHEMOKINE_SIGNALING_PATHWAY,2919
KEGG_CHEMOKINE_SIGNALING_PATHWAY,6366
KEGG_CHEMOKINE_SIGNALING_PATHWAY,5566
KEGG_CHEMOKINE_SIGNALING_PATHWAY,9564
KEGG_CHEMOKINE_SIGNALING_PATHWAY,6363
KEGG_CHEMOKINE_SIGNALING_PATHWAY,5196
KEGG_CHEMOKINE_SIGNALING_PATHWAY,55970
KEGG_CHEMOKINE_SIGNALING_PATHWAY,2268
KEGG_CHEMOKINE_SIGNALING_PATHWAY,25759
KEGG_CHEMOKINE_SIGNALING_PATHWAY,2786
KEGG_CHEMOKINE_SIGNALING_PATHWAY,5331
KEGG_CHEMOKINE_SIGNALING_PATHWAY,1524
KEGG_CHEMOKINE_SIGNALING_PATHWAY,3702
KEGG_CHEMOKINE_SIGNALING_PATHWAY,6357
KEGG_CHEMOKINE_SIGNALING_PATHWAY,111
KEGG_CHEMOKINE_SIGNALING_PATHWAY,2920
KEGG_CHEMOKINE_SIGNALING_PATHWAY,6376
KEGG_CHEMOKINE_SIGNALING_PATHWAY,1233
KEGG_CHEMOKINE_SIGNALING_PATHWAY,2791
KEGG_CHEMOKINE_SIGNALING_PATHWAY,4283
KEGG_CHEMOKINE_SIGNALING_PATHWAY,408
KEGG_CHEMOKINE_SIGNALING_PATHWAY,6361
KEGG_CHEMOKINE_SIGNALING_PATHWAY,1232
KEGG_CHEMOKINE_SIGNALING_PATHWAY,115
KEGG_CHEMOKINE_SIGNALING_PATHWAY,6364
KEGG_CHEMOKINE_SIGNALING_PATHWAY,1236
KEGG_CHEMOKINE_SIGNALING_PATHWAY,3055
KEGG_CHEMOKINE_SIGNALING_PATHWAY,2833
KEGG_CHEMOKINE_SIGNALING_PATHWAY,1398
KEGG_CHEMOKINE_SIGNALING_PATHWAY,1230
KEGG_CHEMOKINE_SIGNALING_PATHWAY,3627
KEGG_CHEMOKINE_SIGNALING_PATHWAY,2784
KEGG_CHEMOKINE_SIGNALING_PATHWAY,6846
KEGG_CHEMOKINE_SIGNALING_PATHWAY,6367
KEGG_CHEMOKINE_SIGNALING_PATHWAY,26230
KEGG_CHEMOKINE_SIGNALING_PATHWAY,6374
KEGG_CHRONIC_MYELOID_LEUKEMIA,595
KEGG_CHRONIC_MYELOID_LEUKEMIA,25759
KEGG_CHRONIC_MYELOID_LEUKEMIA,7042
KEGG_CHRONIC_MYELOID_LEUKEMIA,2122
KEGG_CHRONIC_MYELOID_LEUKEMIA,1488
KEGG_CHRONIC_MYELOID_LEUKEMIA,9846
KEGG_CHRONIC_MYELOID_LEUKEMIA,1869
KEGG_CHRONIC_MYELOID_LEUKEMIA,1398
KEGG_CHRONIC_MYELOID_LEUKEMIA,7043
KEGG_CHRONIC_MYELOID_LEUKEMIA,1870
KEGG_CHRONIC_MYELOID_LEUKEMIA,1029
KEGG_COLORECTAL_CANCER,6934
KEGG_COLORECTAL_CANCER,595
KEGG_COLORECTAL_CANCER,5602
KEGG_COLORECTAL_CANCER,7042
KEGG_COLORECTAL_CANCER,51176
KEGG_COLORECTAL_CANCER,2956
KEGG_COLORECTAL_CANCER,6932
KEGG_COLORECTAL_CANCER,332
KEGG_COLORECTAL_CANCER,836
KEGG_COLORECTAL_CANCER,7043
KEGG_COLORECTAL_CANCER,4436
KEGG_COLORECTAL_CANCER,8313
KEGG_COMPLEMENT_AND_COAGULATION_CASCADES,718
KEGG_COMPLEMENT_AND_COAGULATION_CASCADES,2157
KEGG_COMPLEMENT_AND_COAGULATION_CASCADES,3426
KEGG_COMPLEMENT_AND_COAGULATION_CASCADES,5104
KEGG_COMPLEMENT_AND_COAGULATION_CASCADES,7056
KEGG_COMPLEMENT_AND_COAGULATION_CASCADES,2149
KEGG_COMPLEMENT_AND_COAGULATION_CASCADES,729
KEGG_COMPLEMENT_AND_COAGULATION_CASCADES,733
KEGG_COMPLEMENT_AND_COAGULATION_CASCADES,728
KEGG_COMPLEMENT_AND_COAGULATION_CASCADES,5328
KEGG_COMPLEMENT_AND_COAGULATION_CASCADES,3075
KEGG_COMPLEMENT_AND_COAGULATION_CASCADES,2162
KEGG_COMPLEMENT_AND_COAGULATION_CASCADES,5265
KEGG_COMPLEMENT_AND_COAGULATION_CASCADES,5329
KEGG_COMPLEMENT_AND_COAGULATION_CASCADES,2
KEGG_COMPLEMENT_AND_COAGULATION_CASCADES,2153
KEGG_COMPLEMENT_AND_COAGULATION_CASCADES,714
KEGG_COMPLEMENT_AND_COAGULATION_CASCADES,2152
KEGG_CYSTEINE_AND_METHIONINE_METABOLISM,3945
KEGG_CYSTEINE_AND_METHIONINE_METABOLISM,1786
KEGG_CYSTEINE_AND_METHIONINE_METABOLISM,3939
KEGG_CYTOKINE_CYTOKINE_RECEPTOR_INTERACTION,6372
KEGG_CYTOKINE_CYTOKINE_RECEPTOR_INTERACTION,5473
KEGG_CYTOKINE_CYTOKINE_RECEPTOR_INTERACTION,269
KEGG_CYTOKINE_CYTOKINE_RECEPTOR_INTERACTION,3577
KEGG_CYTOKINE_CYTOKINE_RECEPTOR_INTERACTION,3579
KEGG_CYTOKINE_CYTOKINE_RECEPTOR_INTERACTION,2919
KEGG_CYTOKINE_CYTOKINE_RECEPTOR_INTERACTION,6366
KEGG_CYTOKINE_CYTOKINE_RECEPTOR_INTERACTION,8794
KEGG_CYTOKINE_CYTOKINE_RECEPTOR_INTERACTION,7173
KEGG_CYTOKINE_CYTOKINE_RECEPTOR_INTERACTION,55504
KEGG_CYTOKINE_CYTOKINE_RECEPTOR_INTERACTION,7422
KEGG_CYTOKINE_CYTOKINE_RECEPTOR_INTERACTION,6363
KEGG_CYTOKINE_CYTOKINE_RECEPTOR_INTERACTION,8600
KEGG_CYTOKINE_CYTOKINE_RECEPTOR_INTERACTION,1441
KEGG_CYTOKINE_CYTOKINE_RECEPTOR_INTERACTION,3559
KEGG_CYTOKINE_CYTOKINE_RECEPTOR_INTERACTION,5196
KEGG_CYTOKINE_CYTOKINE_RECEPTOR_INTERACTION,658
KEGG_CYTOKINE_CYTOKINE_RECEPTOR_INTERACTION,50615
KEGG_CYTOKINE_CYTOKINE_RECEPTOR_INTERACTION,1524
KEGG_CYTOKINE_CYTOKINE_RECEPTOR_INTERACTION,5154
KEGG_CYTOKINE_CYTOKINE_RECEPTOR_INTERACTION,7042
KEGG_CYTOKINE_CYTOKINE_RECEPTOR_INTERACTION,650
KEGG_CYTOKINE_CYTOKINE_RECEPTOR_INTERACTION,1271
KEGG_CYTOKINE_CYTOKINE_RECEPTOR_INTERACTION,8807
KEGG_CYTOKINE_CYTOKINE_RECEPTOR_INTERACTION,2321
KEGG_CYTOKINE_CYTOKINE_RECEPTOR_INTERACTION,2057
KEGG_CYTOKINE_CYTOKINE_RECEPTOR_INTERACTION,6357
KEGG_CYTOKINE_CYTOKINE_RECEPTOR_INTERACTION,2920
KEGG_CYTOKINE_CYTOKINE_RECEPTOR_INTERACTION,2324
KEGG_CYTOKINE_CYTOKINE_RECEPTOR_INTERACTION,4804
KEGG_CYTOKINE_CYTOKINE_RECEPTOR_INTERACTION,80301
KEGG_CYTOKINE_CYTOKINE_RECEPTOR_INTERACTION,3574
KEGG_CYTOKINE_CYTOKINE_RECEPTOR_INTERACTION,4233
KEGG_CYTOKINE_CYTOKINE_RECEPTOR_INTERACTION,59067
KEGG_CYTOKINE_CYTOKINE_RECEPTOR_INTERACTION,5156
KEGG_CYTOKINE_CYTOKINE_RECEPTOR_INTERACTION,959
KEGG_CYTOKINE_CYTOKINE_RECEPTOR_INTERACTION,6376
KEGG_CYTOKINE_CYTOKINE_RECEPTOR_INTERACTION,1233
KEGG_CYTOKINE_CYTOKINE_RECEPTOR_INTERACTION,8764
KEGG_CYTOKINE_CYTOKINE_RECEPTOR_INTERACTION,4283
KEGG_CYTOKINE_CYTOKINE_RECEPTOR_INTERACTION,10913
KEGG_CYTOKINE_CYTOKINE_RECEPTOR_INTERACTION,6361
KEGG_CYTOKINE_CYTOKINE_RECEPTOR_INTERACTION,3082
KEGG_CYTOKINE_CYTOKINE_RECEPTOR_INTERACTION,3458
KEGG_CYTOKINE_CYTOKINE_RECEPTOR_INTERACTION,2690
KEGG_CYTOKINE_CYTOKINE_RECEPTOR_INTERACTION,3625
KEGG_CYTOKINE_CYTOKINE_RECEPTOR_INTERACTION,1232
KEGG_CYTOKINE_CYTOKINE_RECEPTOR_INTERACTION,3604
KEGG_CYTOKINE_CYTOKINE_RECEPTOR_INTERACTION,939
KEGG_CYTOKINE_CYTOKINE_RECEPTOR_INTERACTION,163702
KEGG_CYTOKINE_CYTOKINE_RECEPTOR_INTERACTION,6364
KEGG_CYTOKINE_CYTOKINE_RECEPTOR_INTERACTION,4982
KEGG_CYTOKINE_CYTOKINE_RECEPTOR_INTERACTION,1236
KEGG_CYTOKINE_CYTOKINE_RECEPTOR_INTERACTION,944
KEGG_CYTOKINE_CYTOKINE_RECEPTOR_INTERACTION,3586
KEGG_CYTOKINE_CYTOKINE_RECEPTOR_INTERACTION,2833
KEGG_CYTOKINE_CYTOKINE_RECEPTOR_INTERACTION,7043
KEGG_CYTOKINE_CYTOKINE_RECEPTOR_INTERACTION,4352
KEGG_CYTOKINE_CYTOKINE_RECEPTOR_INTERACTION,7850
KEGG_CYTOKINE_CYTOKINE_RECEPTOR_INTERACTION,1956
KEGG_CYTOKINE_CYTOKINE_RECEPTOR_INTERACTION,3953
KEGG_CYTOKINE_CYTOKINE_RECEPTOR_INTERACTION,1436
KEGG_CYTOKINE_CYTOKINE_RECEPTOR_INTERACTION,4055
KEGG_CYTOKINE_CYTOKINE_RECEPTOR_INTERACTION,1230
KEGG_CYTOKINE_CYTOKINE_RECEPTOR_INTERACTION,3627
KEGG_CYTOKINE_CYTOKINE_RECEPTOR_INTERACTION,51561
KEGG_CYTOKINE_CYTOKINE_RECEPTOR_INTERACTION,6846
KEGG_CYTOKINE_CYTOKINE_RECEPTOR_INTERACTION,6367
KEGG_CYTOKINE_CYTOKINE_RECEPTOR_INTERACTION,3976
KEGG_CYTOKINE_CYTOKINE_RECEPTOR_INTERACTION,970
KEGG_CYTOKINE_CYTOKINE_RECEPTOR_INTERACTION,3460
KEGG_CYTOKINE_CYTOKINE_RECEPTOR_INTERACTION,6374
KEGG_CYTOKINE_CYTOKINE_RECEPTOR_INTERACTION,3575
KEGG_CYTOKINE_CYTOKINE_RECEPTOR_INTERACTION,3624
KEGG_CYTOSOLIC_DNA_SENSING_PATHWAY,90865
KEGG_CYTOSOLIC_DNA_SENSING_PATHWAY,3627
KEGG_CYTOSOLIC_DNA_SENSING_PATHWAY,9447
KEGG_CYTOSOLIC_DNA_SENSING_PATHWAY,29108
KEGG_DILATED_CARDIOMYOPATHY,3691
KEGG_DILATED_CARDIOMYOPATHY,776
KEGG_DILATED_CARDIOMYOPATHY,3673
KEGG_DILATED_CARDIOMYOPATHY,5566
KEGG_DILATED_CARDIOMYOPATHY,3674
KEGG_DILATED_CARDIOMYOPATHY,3672
KEGG_DILATED_CARDIOMYOPATHY,7139
KEGG_DILATED_CARDIOMYOPATHY,3680
KEGG_DILATED_CARDIOMYOPATHY,7042
KEGG_DILATED_CARDIOMYOPATHY,775
KEGG_DILATED_CARDIOMYOPATHY,6262
KEGG_DILATED_CARDIOMYOPATHY,153
KEGG_DILATED_CARDIOMYOPATHY,111
KEGG_DILATED_CARDIOMYOPATHY,3696
KEGG_DILATED_CARDIOMYOPATHY,22801
KEGG_DILATED_CARDIOMYOPATHY,3693
KEGG_DILATED_CARDIOMYOPATHY,3675
KEGG_DILATED_CARDIOMYOPATHY,3655
KEGG_DILATED_CARDIOMYOPATHY,6442
KEGG_DILATED_CARDIOMYOPATHY,3690
KEGG_DILATED_CARDIOMYOPATHY,3908
KEGG_DILATED_CARDIOMYOPATHY,8516
KEGG_DILATED_CARDIOMYOPATHY,6444
KEGG_DILATED_CARDIOMYOPATHY,115
KEGG_DILATED_CARDIOMYOPATHY,7043
KEGG_DILATED_CARDIOMYOPATHY,1756
KEGG_DILATED_CARDIOMYOPATHY,7168
KEGG_DILATED_CARDIOMYOPATHY,1674
KEGG_DILATED_CARDIOMYOPATHY,6546
KEGG_DNA_REPLICATION,4175
KEGG_DNA_REPLICATION,5111
KEGG_DNA_REPLICATION,4171
KEGG_DNA_REPLICATION,2237
KEGG_DNA_REPLICATION,4173
KEGG_DNA_REPLICATION,1763
KEGG_DNA_REPLICATION,4172
KEGG_DNA_REPLICATION,5983
KEGG_DNA_REPLICATION,5984
KEGG_DNA_REPLICATION,5427
KEGG_DNA_REPLICATION,5985
KEGG_DNA_REPLICATION,5558
KEGG_DNA_REPLICATION,4176
KEGG_DNA_REPLICATION,6119
KEGG_DNA_REPLICATION,5422
KEGG_DORSO_VENTRAL_AXIS_FORMATION,2114
KEGG_DORSO_VENTRAL_AXIS_FORMATION,4851
KEGG_DORSO_VENTRAL_AXIS_FORMATION,1956
KEGG_DORSO_VENTRAL_AXIS_FORMATION,84501
KEGG_DRUG_METABOLISM_CYTOCHROME_P450,2328
KEGG_DRUG_METABOLISM_CYTOCHROME_P450,2327
KEGG_DRUG_METABOLISM_CYTOCHROME_P450,2326
KEGG_DRUG_METABOLISM_CYTOCHROME_P450,124
KEGG_DRUG_METABOLISM_CYTOCHROME_P450,4129
KEGG_DRUG_METABOLISM_CYTOCHROME_P450,125
KEGG_DRUG_METABOLISM_CYTOCHROME_P450,221
KEGG_DRUG_METABOLISM_OTHER_ENZYMES,10
KEGG_DRUG_METABOLISM_OTHER_ENZYMES,978
KEGG_DRUG_METABOLISM_OTHER_ENZYMES,7084
KEGG_DRUG_METABOLISM_OTHER_ENZYMES,7083
KEGG_ECM_RECEPTOR_INTERACTION,3691
KEGG_ECM_RECEPTOR_INTERACTION,10319
KEGG_ECM_RECEPTOR_INTERACTION,3918
KEGG_ECM_RECEPTOR_INTERACTION,3673
KEGG_ECM_RECEPTOR_INTERACTION,948
KEGG_ECM_RECEPTOR_INTERACTION,3674
KEGG_ECM_RECEPTOR_INTERACTION,2815
KEGG_ECM_RECEPTOR_INTERACTION,3672
KEGG_ECM_RECEPTOR_INTERACTION,3909
KEGG_ECM_RECEPTOR_INTERACTION,3910
KEGG_ECM_RECEPTOR_INTERACTION,2811
KEGG_ECM_RECEPTOR_INTERACTION,3680
KEGG_ECM_RECEPTOR_INTERACTION,3696
KEGG_ECM_RECEPTOR_INTERACTION,131873
KEGG_ECM_RECEPTOR_INTERACTION,22801
KEGG_ECM_RECEPTOR_INTERACTION,3911
KEGG_ECM_RECEPTOR_INTERACTION,375790
KEGG_ECM_RECEPTOR_INTERACTION,3693
KEGG_ECM_RECEPTOR_INTERACTION,3675
KEGG_ECM_RECEPTOR_INTERACTION,1288
KEGG_ECM_RECEPTOR_INTERACTION,3655
KEGG_ECM_RECEPTOR_INTERACTION,63923
KEGG_ECM_RECEPTOR_INTERACTION,3690
KEGG_ECM_RECEPTOR_INTERACTION,3908
KEGG_ECM_RECEPTOR_INTERACTION,1284
KEGG_ECM_RECEPTOR_INTERACTION,8516
KEGG_ECM_RECEPTOR_INTERACTION,284217
KEGG_ECM_RECEPTOR_INTERACTION,7060
KEGG_ECM_RECEPTOR_INTERACTION,1282
KEGG_ECM_RECEPTOR_INTERACTION,9899
KEGG_ECM_RECEPTOR_INTERACTION,3339
KEGG_ECM_RECEPTOR_INTERACTION,3161
KEGG_ECM_RECEPTOR_INTERACTION,3912
KEGG_ECM_RECEPTOR_INTERACTION,2814
KEGG_ECM_RECEPTOR_INTERACTION,1289
KEGG_ECM_RECEPTOR_INTERACTION,50509
KEGG_ECM_RECEPTOR_INTERACTION,2335
KEGG_ECM_RECEPTOR_INTERACTION,9672
KEGG_ECM_RECEPTOR_INTERACTION,1292
KEGG_ECM_RECEPTOR_INTERACTION,1101
KEGG_ENDOCYTOSIS,2264
KEGG_ENDOCYTOSIS,92421
KEGG_ENDOCYTOSIS,3577
KEGG_ENDOCYTOSIS,26056
KEGG_ENDOCYTOSIS,3579
KEGG_ENDOCYTOSIS,9829
KEGG_ENDOCYTOSIS,2261
KEGG_ENDOCYTOSIS,3559
KEGG_ENDOCYTOSIS,23362
KEGG_ENDOCYTOSIS,3306
KEGG_ENDOCYTOSIS,161
KEGG_ENDOCYTOSIS,2321
KEGG_ENDOCYTOSIS,23396
KEGG_ENDOCYTOSIS,153
KEGG_ENDOCYTOSIS,30846
KEGG_ENDOCYTOSIS,2149
KEGG_ENDOCYTOSIS,4233
KEGG_ENDOCYTOSIS,5156
KEGG_ENDOCYTOSIS,22905
KEGG_ENDOCYTOSIS,2263
KEGG_ENDOCYTOSIS,408
KEGG_ENDOCYTOSIS,6714
KEGG_ENDOCYTOSIS,116983
KEGG_ENDOCYTOSIS,29924
KEGG_ENDOCYTOSIS,64411
KEGG_ENDOCYTOSIS,8853
KEGG_ENDOCYTOSIS,1759
KEGG_ENDOCYTOSIS,5979
KEGG_ENDOCYTOSIS,1956
KEGG_ENDOCYTOSIS,3310
KEGG_ENDOCYTOSIS,1436
KEGG_ENDOCYTOSIS,8218
KEGG_ENDOCYTOSIS,3133
KEGG_ENDOMETRIAL_CANCER,6934
KEGG_ENDOMETRIAL_CANCER,595
KEGG_ENDOMETRIAL_CANCER,51176
KEGG_ENDOMETRIAL_CANCER,6932
KEGG_ENDOMETRIAL_CANCER,1956
KEGG_ENDOMETRIAL_CANCER,8313
KEGG_EPITHELIAL_CELL_SIGNALING_IN_HELICOBACTER_PYLORI_INFECTION,3577
KEGG_EPITHELIAL_CELL_SIGNALING_IN_HELICOBACTER_PYLORI_INFECTION,3579
KEGG_EPITHELIAL_CELL_SIGNALING_IN_HELICOBACTER_PYLORI_INFECTION,2919
KEGG_EPITHELIAL_CELL_SIGNALING_IN_HELICOBACTER_PYLORI_INFECTION,5602
KEGG_EPITHELIAL_CELL_SIGNALING_IN_HELICOBACTER_PYLORI_INFECTION,5803
KEGG_EPITHELIAL_CELL_SIGNALING_IN_HELICOBACTER_PYLORI_INFECTION,4233
KEGG_EPITHELIAL_CELL_SIGNALING_IN_HELICOBACTER_PYLORI_INFECTION,6714
KEGG_EPITHELIAL_CELL_SIGNALING_IN_HELICOBACTER_PYLORI_INFECTION,58494
KEGG_EPITHELIAL_CELL_SIGNALING_IN_HELICOBACTER_PYLORI_INFECTION,245972
KEGG_EPITHELIAL_CELL_SIGNALING_IN_HELICOBACTER_PYLORI_INFECTION,836
KEGG_EPITHELIAL_CELL_SIGNALING_IN_HELICOBACTER_PYLORI_INFECTION,1956
KEGG_EPITHELIAL_CELL_SIGNALING_IN_HELICOBACTER_PYLORI_INFECTION,527
KEGG_ERBB_SIGNALING_PATHWAY,5602
KEGG_ERBB_SIGNALING_PATHWAY,25759
KEGG_ERBB_SIGNALING_PATHWAY,2069
KEGG_ERBB_SIGNALING_PATHWAY,3084
KEGG_ERBB_SIGNALING_PATHWAY,6714
KEGG_ERBB_SIGNALING_PATHWAY,10298
KEGG_ERBB_SIGNALING_PATHWAY,9542
KEGG_ERBB_SIGNALING_PATHWAY,1398
KEGG_ERBB_SIGNALING_PATHWAY,1956
KEGG_ERBB_SIGNALING_PATHWAY,374
KEGG_ETHER_LIPID_METABOLISM,26279
KEGG_ETHER_LIPID_METABOLISM,5168
KEGG_ETHER_LIPID_METABOLISM,54947
KEGG_ETHER_LIPID_METABOLISM,5320
KEGG_ETHER_LIPID_METABOLISM,79888
KEGG_FATTY_ACID_METABOLISM,23305
KEGG_FATTY_ACID_METABOLISM,124
KEGG_FATTY_ACID_METABOLISM,35
KEGG_FATTY_ACID_METABOLISM,125
KEGG_FATTY_ACID_METABOLISM,39
KEGG_FC_EPSILON_RI_SIGNALING_PATHWAY,5602
KEGG_FC_EPSILON_RI_SIGNALING_PATHWAY,26279
KEGG_FC_EPSILON_RI_SIGNALING_PATHWAY,27040
KEGG_FC_EPSILON_RI_SIGNALING_PATHWAY,9846
KEGG_FC_EPSILON_RI_SIGNALING_PATHWAY,5320
KEGG_FC_EPSILON_RI_SIGNALING_PATHWAY,2206
KEGG_FC_EPSILON_RI_SIGNALING_PATHWAY,2207
KEGG_FC_GAMMA_R_MEDIATED_PHAGOCYTOSIS,4651
KEGG_FC_GAMMA_R_MEDIATED_PHAGOCYTOSIS,23396
KEGG_FC_GAMMA_R_MEDIATED_PHAGOCYTOSIS,65108
KEGG_FC_GAMMA_R_MEDIATED_PHAGOCYTOSIS,27040
KEGG_FC_GAMMA_R_MEDIATED_PHAGOCYTOSIS,9846
KEGG_FC_GAMMA_R_MEDIATED_PHAGOCYTOSIS,8877
KEGG_FC_GAMMA_R_MEDIATED_PHAGOCYTOSIS,3055
KEGG_FC_GAMMA_R_MEDIATED_PHAGOCYTOSIS,8853
KEGG_FC_GAMMA_R_MEDIATED_PHAGOCYTOSIS,1398
KEGG_FC_GAMMA_R_MEDIATED_PHAGOCYTOSIS,1759
KEGG_FC_GAMMA_R_MEDIATED_PHAGOCYTOSIS,10810
KEGG_FC_GAMMA_R_MEDIATED_PHAGOCYTOSIS,2214
KEGG_FC_GAMMA_R_MEDIATED_PHAGOCYTOSIS,273
KEGG_FOCAL_ADHESION,3691
KEGG_FOCAL_ADHESION,10319
KEGG_FOCAL_ADHESION,3918
KEGG_FOCAL_ADHESION,3673
KEGG_FOCAL_ADHESION,3674
KEGG_FOCAL_ADHESION,595
KEGG_FOCAL_ADHESION,3672
KEGG_FOCAL_ADHESION,9564
KEGG_FOCAL_ADHESION,7422
KEGG_FOCAL_ADHESION,3909
KEGG_FOCAL_ADHESION,858
KEGG_FOCAL_ADHESION,857
KEGG_FOCAL_ADHESION,3910
KEGG_FOCAL_ADHESION,81
KEGG_FOCAL_ADHESION,5602
KEGG_FOCAL_ADHESION,25759
KEGG_FOCAL_ADHESION,3680
KEGG_FOCAL_ADHESION,5154
KEGG_FOCAL_ADHESION,394
KEGG_FOCAL_ADHESION,2321
KEGG_FOCAL_ADHESION,23396
KEGG_FOCAL_ADHESION,85366
KEGG_FOCAL_ADHESION,3696
KEGG_FOCAL_ADHESION,131873
KEGG_FOCAL_ADHESION,2324
KEGG_FOCAL_ADHESION,22801
KEGG_FOCAL_ADHESION,3911
KEGG_FOCAL_ADHESION,3693
KEGG_FOCAL_ADHESION,3675
KEGG_FOCAL_ADHESION,1288
KEGG_FOCAL_ADHESION,4233
KEGG_FOCAL_ADHESION,5156
KEGG_FOCAL_ADHESION,3655
KEGG_FOCAL_ADHESION,80310
KEGG_FOCAL_ADHESION,63923
KEGG_FOCAL_ADHESION,3690
KEGG_FOCAL_ADHESION,3908
KEGG_FOCAL_ADHESION,3082
KEGG_FOCAL_ADHESION,1284
KEGG_FOCAL_ADHESION,8516
KEGG_FOCAL_ADHESION,7414
KEGG_FOCAL_ADHESION,6714
KEGG_FOCAL_ADHESION,10298
KEGG_FOCAL_ADHESION,284217
KEGG_FOCAL_ADHESION,5228
KEGG_FOCAL_ADHESION,1793
KEGG_FOCAL_ADHESION,7060
KEGG_FOCAL_ADHESION,1282
KEGG_FOCAL_ADHESION,4638
KEGG_FOCAL_ADHESION,5501
KEGG_FOCAL_ADHESION,330
KEGG_FOCAL_ADHESION,1398
KEGG_FOCAL_ADHESION,3912
KEGG_FOCAL_ADHESION,1289
KEGG_FOCAL_ADHESION,83660
KEGG_FOCAL_ADHESION,50509
KEGG_FOCAL_ADHESION,1956
KEGG_FOCAL_ADHESION,10398
KEGG_FOCAL_ADHESION,2335
KEGG_FOCAL_ADHESION,1292
KEGG_FOCAL_ADHESION,5923
KEGG_FOCAL_ADHESION,1101
KEGG_FOLATE_BIOSYNTHESIS,1719
KEGG_FOLATE_BIOSYNTHESIS,8836
KEGG_FOLATE_BIOSYNTHESIS,249
KEGG_GALACTOSE_METABOLISM,3101
KEGG_GALACTOSE_METABOLISM,8972
KEGG_GALACTOSE_METABOLISM,2582
KEGG_GAP_JUNCTION,2697
KEGG_GAP_JUNCTION,5566
KEGG_GAP_JUNCTION,10382
KEGG_GAP_JUNCTION,81027
KEGG_GAP_JUNCTION,2977
KEGG_GAP_JUNCTION,5331
KEGG_GAP_JUNCTION,2767
KEGG_GAP_JUNCTION,5154
KEGG_GAP_JUNCTION,153
KEGG_GAP_JUNCTION,111
KEGG_GAP_JUNCTION,347733
KEGG_GAP_JUNCTION,5156
KEGG_GAP_JUNCTION,80310
KEGG_GAP_JUNCTION,7277
KEGG_GAP_JUNCTION,10381
KEGG_GAP_JUNCTION,983
KEGG_GAP_JUNCTION,6714
KEGG_GAP_JUNCTION,115
KEGG_GAP_JUNCTION,84790
KEGG_GAP_JUNCTION,10376
KEGG_GAP_JUNCTION,1956
KEGG_GAP_JUNCTION,10383
KEGG_GAP_JUNCTION,3357
KEGG_GAP_JUNCTION,7280
KEGG_GLIOMA,595
KEGG_GLIOMA,25759
KEGG_GLIOMA,5154
KEGG_GLIOMA,5156
KEGG_GLIOMA,1869
KEGG_GLIOMA,1956
KEGG_GLIOMA,1870
KEGG_GLIOMA,1029
KEGG_GLUTATHIONE_METABOLISM,26873
KEGG_GLUTATHIONE_METABOLISM,6240
KEGG_GLUTATHIONE_METABOLISM,6241
KEGG_GLUTATHIONE_METABOLISM,4953
KEGG_GLYCEROLIPID_METABOLISM,4023
KEGG_GLYCEROLIPID_METABOLISM,56895
KEGG_GLYCEROLIPID_METABOLISM,11343
KEGG_GLYCEROLIPID_METABOLISM,9388
KEGG_GLYCEROLIPID_METABOLISM,1606
KEGG_GLYCEROLIPID_METABOLISM,10555
KEGG_GLYCEROPHOSPHOLIPID_METABOLISM,162466
KEGG_GLYCEROPHOSPHOLIPID_METABOLISM,26279
KEGG_GLYCEROPHOSPHOLIPID_METABOLISM,56895
KEGG_GLYCEROPHOSPHOLIPID_METABOLISM,2819
KEGG_GLYCEROPHOSPHOLIPID_METABOLISM,3931
KEGG_GLYCEROPHOSPHOLIPID_METABOLISM,43
KEGG_GLYCEROPHOSPHOLIPID_METABOLISM,54947
KEGG_GLYCEROPHOSPHOLIPID_METABOLISM,5320
KEGG_GLYCEROPHOSPHOLIPID_METABOLISM,1606
KEGG_GLYCEROPHOSPHOLIPID_METABOLISM,1040
KEGG_GLYCEROPHOSPHOLIPID_METABOLISM,79888
KEGG_GLYCEROPHOSPHOLIPID_METABOLISM,55224
KEGG_GLYCEROPHOSPHOLIPID_METABOLISM,10555
KEGG_GLYCINE_SERINE_AND_THREONINE_METABOLISM,26227
KEGG_GLYCINE_SERINE_AND_THREONINE_METABOLISM,4129
KEGG_GLYCINE_SERINE_AND_THREONINE_METABOLISM,55349
KEGG_GLYCINE_SERINE_AND_THREONINE_METABOLISM,29968
KEGG_GLYCINE_SERINE_AND_THREONINE_METABOLISM,1757
KEGG_GLYCINE_SERINE_AND_THREONINE_METABOLISM,23464
KEGG_GLYCINE_SERINE_AND_THREONINE_METABOLISM,27232
KEGG_GLYCOLYSIS_GLUCONEOGENESIS,3101
KEGG_GLYCOLYSIS_GLUCONEOGENESIS,3945
KEGG_GLYCOLYSIS_GLUCONEOGENESIS,124
KEGG_GLYCOLYSIS_GLUCONEOGENESIS,125
KEGG_GLYCOLYSIS_GLUCONEOGENESIS,130589
KEGG_GLYCOLYSIS_GLUCONEOGENESIS,2597
KEGG_GLYCOLYSIS_GLUCONEOGENESIS,221
KEGG_GLYCOLYSIS_GLUCONEOGENESIS,3939
KEGG_GLYCOSAMINOGLYCAN_BIOSYNTHESIS_CHONDROITIN_SULFATE,56548
KEGG_GLYCOSAMINOGLYCAN_BIOSYNTHESIS_CHONDROITIN_SULFATE,166012
KEGG_GLYCOSAMINOGLYCAN_BIOSYNTHESIS_CHONDROITIN_SULFATE,55501
KEGG_GLYCOSAMINOGLYCAN_BIOSYNTHESIS_HEPARAN_SULFATE,9348
KEGG_GLYCOSAMINOGLYCAN_BIOSYNTHESIS_HEPARAN_SULFATE,3340
KEGG_GLYCOSAMINOGLYCAN_BIOSYNTHESIS_HEPARAN_SULFATE,64579
KEGG_GLYCOSAMINOGLYCAN_BIOSYNTHESIS_HEPARAN_SULFATE,9394
KEGG_GLYCOSAMINOGLYCAN_BIOSYNTHESIS_HEPARAN_SULFATE,9955
KEGG_GLYCOSAMINOGLYCAN_BIOSYNTHESIS_HEPARAN_SULFATE,9953
KEGG_GLYCOSAMINOGLYCAN_BIOSYNTHESIS_HEPARAN_SULFATE,2134
KEGG_GLYCOSAMINOGLYCAN_BIOSYNTHESIS_KERATAN_SULFATE,10164
KEGG_GLYCOSAMINOGLYCAN_BIOSYNTHESIS_KERATAN_SULFATE,8534
KEGG_GLYCOSAMINOGLYCAN_BIOSYNTHESIS_KERATAN_SULFATE,93010
KEGG_GLYCOSAMINOGLYCAN_DEGRADATION,3373
KEGG_GLYCOSAMINOGLYCAN_DEGRADATION,8692
KEGG_GLYCOSAMINOGLYCAN_DEGRADATION,9955
KEGG_GLYCOSAMINOGLYCAN_DEGRADATION,6448
KEGG_GLYCOSAMINOGLYCAN_DEGRADATION,9953
KEGG_GLYCOSPHINGOLIPID_BIOSYNTHESIS_GLOBO_SERIES,2523
KEGG_GLYCOSPHINGOLIPID_BIOSYNTHESIS_GLOBO_SERIES,6489
KEGG_GLYCOSPHINGOLIPID_BIOSYNTHESIS_GLOBO_SERIES,53947
KEGG_GLYCOSPHINGOLIPID_BIOSYNTHESIS_LACTO_AND_NEOLACTO_SERIES,2523
KEGG_GLYCOSPHINGOLIPID_BIOSYNTHESIS_LACTO_AND_NEOLACTO_SERIES,6489
KEGG_GLYCOSPHINGOLIPID_BIOSYNTHESIS_LACTO_AND_NEOLACTO_SERIES,10331
KEGG_GLYCOSPHINGOLIPID_BIOSYNTHESIS_LACTO_AND_NEOLACTO_SERIES,6484
KEGG_GLYCOSPHINGOLIPID_BIOSYNTHESIS_LACTO_AND_NEOLACTO_SERIES,28
KEGG_GNRH_SIGNALING_PATHWAY,776
KEGG_GNRH_SIGNALING_PATHWAY,5566
KEGG_GNRH_SIGNALING_PATHWAY,5602
KEGG_GNRH_SIGNALING_PATHWAY,5331
KEGG_GNRH_SIGNALING_PATHWAY,26279
KEGG_GNRH_SIGNALING_PATHWAY,2767
KEGG_GNRH_SIGNALING_PATHWAY,775
KEGG_GNRH_SIGNALING_PATHWAY,111
KEGG_GNRH_SIGNALING_PATHWAY,6714
KEGG_GNRH_SIGNALING_PATHWAY,115
KEGG_GNRH_SIGNALING_PATHWAY,5320
KEGG_GNRH_SIGNALING_PATHWAY,1956
KEGG_GRAFT_VERSUS_HOST_DISEASE,940
KEGG_GRAFT_VERSUS_HOST_DISEASE,3458
KEGG_GRAFT_VERSUS_HOST_DISEASE,3824
KEGG_GRAFT_VERSUS_HOST_DISEASE,3821
KEGG_GRAFT_VERSUS_HOST_DISEASE,3133
KEGG_HEDGEHOG_SIGNALING_PATHWAY,5566
KEGG_HEDGEHOG_SIGNALING_PATHWAY,7472
KEGG_HEDGEHOG_SIGNALING_PATHWAY,650
KEGG_HEDGEHOG_SIGNALING_PATHWAY,2619
KEGG_HEDGEHOG_SIGNALING_PATHWAY,7476
KEGG_HEDGEHOG_SIGNALING_PATHWAY,7475
KEGG_HEDGEHOG_SIGNALING_PATHWAY,51715
KEGG_HEDGEHOG_SIGNALING_PATHWAY,654
KEGG_HEMATOPOIETIC_CELL_LINEAGE,3673
KEGG_HEMATOPOIETIC_CELL_LINEAGE,948
KEGG_HEMATOPOIETIC_CELL_LINEAGE,3674
KEGG_HEMATOPOIETIC_CELL_LINEAGE,7173
KEGG_HEMATOPOIETIC_CELL_LINEAGE,2815
KEGG_HEMATOPOIETIC_CELL_LINEAGE,3672
KEGG_HEMATOPOIETIC_CELL_LINEAGE,1441
KEGG_HEMATOPOIETIC_CELL_LINEAGE,3559
KEGG_HEMATOPOIETIC_CELL_LINEAGE,914
KEGG_HEMATOPOIETIC_CELL_LINEAGE,2811
KEGG_HEMATOPOIETIC_CELL_LINEAGE,921
KEGG_HEMATOPOIETIC_CELL_LINEAGE,915
KEGG_HEMATOPOIETIC_CELL_LINEAGE,917
KEGG_HEMATOPOIETIC_CELL_LINEAGE,2057
KEGG_HEMATOPOIETIC_CELL_LINEAGE,3574
KEGG_HEMATOPOIETIC_CELL_LINEAGE,916
KEGG_HEMATOPOIETIC_CELL_LINEAGE,3675
KEGG_HEMATOPOIETIC_CELL_LINEAGE,3655
KEGG_HEMATOPOIETIC_CELL_LINEAGE,3690
KEGG_HEMATOPOIETIC_CELL_LINEAGE,945
KEGG_HEMATOPOIETIC_CELL_LINEAGE,925
KEGG_HEMATOPOIETIC_CELL_LINEAGE,2814
KEGG_HEMATOPOIETIC_CELL_LINEAGE,7850
KEGG_HEMATOPOIETIC_CELL_LINEAGE,1436
KEGG_HEMATOPOIETIC_CELL_LINEAGE,910
KEGG_HEMATOPOIETIC_CELL_LINEAGE,926
KEGG_HEMATOPOIETIC_CELL_LINEAGE,3575
KEGG_HISTIDINE_METABOLISM,3034
KEGG_HISTIDINE_METABOLISM,4129
KEGG_HISTIDINE_METABOLISM,91703
KEGG_HISTIDINE_METABOLISM,221
KEGG_HISTIDINE_METABOLISM,443
KEGG_HOMOLOGOUS_RECOMBINATION,5888
KEGG_HOMOLOGOUS_RECOMBINATION,641
KEGG_HOMOLOGOUS_RECOMBINATION,8438
KEGG_HOMOLOGOUS_RECOMBINATION,7516
KEGG_HOMOLOGOUS_RECOMBINATION,25788
KEGG_HOMOLOGOUS_RECOMBINATION,6119
KEGG_HOMOLOGOUS_RECOMBINATION,675
KEGG_HOMOLOGOUS_RECOMBINATION,146956
KEGG_HUNTINGTONS_DISEASE,9001
KEGG_HUNTINGTONS_DISEASE,9586
KEGG_HUNTINGTONS_DISEASE,5331
KEGG_HUNTINGTONS_DISEASE,161
KEGG_HUNTINGTONS_DISEASE,56901
KEGG_HUNTINGTONS_DISEASE,64446
KEGG_HUNTINGTONS_DISEASE,3092
KEGG_HUNTINGTONS_DISEASE,1742
KEGG_HUNTINGTONS_DISEASE,1346
KEGG_HUNTINGTONS_DISEASE,836
KEGG_HUNTINGTONS_DISEASE,90993
KEGG_HUNTINGTONS_DISEASE,84701
KEGG_HUNTINGTONS_DISEASE,8218
KEGG_HUNTINGTONS_DISEASE,5468
KEGG_HYPERTROPHIC_CARDIOMYOPATHY_HCM,3691
KEGG_HYPERTROPHIC_CARDIOMYOPATHY_HCM,776
KEGG_HYPERTROPHIC_CARDIOMYOPATHY_HCM,3673
KEGG_HYPERTROPHIC_CARDIOMYOPATHY_HCM,3674
KEGG_HYPERTROPHIC_CARDIOMYOPATHY_HCM,5563
KEGG_HYPERTROPHIC_CARDIOMYOPATHY_HCM,3672
KEGG_HYPERTROPHIC_CARDIOMYOPATHY_HCM,7139
KEGG_HYPERTROPHIC_CARDIOMYOPATHY_HCM,3680
KEGG_HYPERTROPHIC_CARDIOMYOPATHY_HCM,7042
KEGG_HYPERTROPHIC_CARDIOMYOPATHY_HCM,775
KEGG_HYPERTROPHIC_CARDIOMYOPATHY_HCM,6262
KEGG_HYPERTROPHIC_CARDIOMYOPATHY_HCM,3696
KEGG_HYPERTROPHIC_CARDIOMYOPATHY_HCM,22801
KEGG_HYPERTROPHIC_CARDIOMYOPATHY_HCM,3693
KEGG_HYPERTROPHIC_CARDIOMYOPATHY_HCM,3675
KEGG_HYPERTROPHIC_CARDIOMYOPATHY_HCM,3655
KEGG_HYPERTROPHIC_CARDIOMYOPATHY_HCM,6442
KEGG_HYPERTROPHIC_CARDIOMYOPATHY_HCM,3690
KEGG_HYPERTROPHIC_CARDIOMYOPATHY_HCM,3908
KEGG_HYPERTROPHIC_CARDIOMYOPATHY_HCM,8516
KEGG_HYPERTROPHIC_CARDIOMYOPATHY_HCM,6444
KEGG_HYPERTROPHIC_CARDIOMYOPATHY_HCM,7043
KEGG_HYPERTROPHIC_CARDIOMYOPATHY_HCM,1756
KEGG_HYPERTROPHIC_CARDIOMYOPATHY_HCM,7168
KEGG_HYPERTROPHIC_CARDIOMYOPATHY_HCM,1674
KEGG_HYPERTROPHIC_CARDIOMYOPATHY_HCM,6546
KEGG_INOSITOL_PHOSPHATE_METABOLISM,51196
KEGG_INOSITOL_PHOSPHATE_METABOLISM,5331
KEGG_INOSITOL_PHOSPHATE_METABOLISM,3628
KEGG_INOSITOL_PHOSPHATE_METABOLISM,23396
KEGG_INOSITOL_PHOSPHATE_METABOLISM,8821
KEGG_INOSITOL_PHOSPHATE_METABOLISM,3705
KEGG_INSULIN_SIGNALING_PATHWAY,3643
KEGG_INSULIN_SIGNALING_PATHWAY,5566
KEGG_INSULIN_SIGNALING_PATHWAY,5563
KEGG_INSULIN_SIGNALING_PATHWAY,5577
KEGG_INSULIN_SIGNALING_PATHWAY,5602
KEGG_INSULIN_SIGNALING_PATHWAY,25759
KEGG_INSULIN_SIGNALING_PATHWAY,3101
KEGG_INSULIN_SIGNALING_PATHWAY,5575
KEGG_INSULIN_SIGNALING_PATHWAY,5255
KEGG_INSULIN_SIGNALING_PATHWAY,10580
KEGG_INSULIN_SIGNALING_PATHWAY,8660
KEGG_INSULIN_SIGNALING_PATHWAY,5836
KEGG_INSULIN_SIGNALING_PATHWAY,5501
KEGG_INSULIN_SIGNALING_PATHWAY,1398
KEGG_INSULIN_SIGNALING_PATHWAY,9021
KEGG_INTESTINAL_IMMUNE_NETWORK_FOR_IGA_PRODUCTION,8174
KEGG_INTESTINAL_IMMUNE_NETWORK_FOR_IGA_PRODUCTION,940
KEGG_INTESTINAL_IMMUNE_NETWORK_FOR_IGA_PRODUCTION,29851
KEGG_INTESTINAL_IMMUNE_NETWORK_FOR_IGA_PRODUCTION,959
KEGG_INTESTINAL_IMMUNE_NETWORK_FOR_IGA_PRODUCTION,57379
KEGG_INTESTINAL_IMMUNE_NETWORK_FOR_IGA_PRODUCTION,3586
KEGG_INTESTINAL_IMMUNE_NETWORK_FOR_IGA_PRODUCTION,4055
KEGG_JAK_STAT_SIGNALING_PATHWAY,7173
KEGG_JAK_STAT_SIGNALING_PATHWAY,595
KEGG_JAK_STAT_SIGNALING_PATHWAY,1441
KEGG_JAK_STAT_SIGNALING_PATHWAY,3559
KEGG_JAK_STAT_SIGNALING_PATHWAY,50615
KEGG_JAK_STAT_SIGNALING_PATHWAY,1271
KEGG_JAK_STAT_SIGNALING_PATHWAY,10253
KEGG_JAK_STAT_SIGNALING_PATHWAY,2057
KEGG_JAK_STAT_SIGNALING_PATHWAY,3574
KEGG_JAK_STAT_SIGNALING_PATHWAY,59067
KEGG_JAK_STAT_SIGNALING_PATHWAY,3458
KEGG_JAK_STAT_SIGNALING_PATHWAY,2690
KEGG_JAK_STAT_SIGNALING_PATHWAY,163702
KEGG_JAK_STAT_SIGNALING_PATHWAY,3586
KEGG_JAK_STAT_SIGNALING_PATHWAY,4352
KEGG_JAK_STAT_SIGNALING_PATHWAY,3953
KEGG_JAK_STAT_SIGNALING_PATHWAY,9021
KEGG_JAK_STAT_SIGNALING_PATHWAY,51561
KEGG_JAK_STAT_SIGNALING_PATHWAY,3976
KEGG_JAK_STAT_SIGNALING_PATHWAY,3460
KEGG_JAK_STAT_SIGNALING_PATHWAY,3575
KEGG_LEISHMANIA_INFECTION,718
KEGG_LEISHMANIA_INFECTION,2215
KEGG_LEISHMANIA_INFECTION,7042
KEGG_LEISHMANIA_INFECTION,4688
KEGG_LEISHMANIA_INFECTION,65108
KEGG_LEISHMANIA_INFECTION,4843
KEGG_LEISHMANIA_INFECTION,3458
KEGG_LEISHMANIA_INFECTION,7099
KEGG_LEISHMANIA_INFECTION,7097
KEGG_LEISHMANIA_INFECTION,3586
KEGG_LEISHMANIA_INFECTION,7043
KEGG_LEISHMANIA_INFECTION,2214
KEGG_LEISHMANIA_INFECTION,5743
KEGG_LEISHMANIA_INFECTION,3460
KEGG_LEUKOCYTE_TRANSENDOTHELIAL_MIGRATION,51208
KEGG_LEUKOCYTE_TRANSENDOTHELIAL_MIGRATION,9564
KEGG_LEUKOCYTE_TRANSENDOTHELIAL_MIGRATION,81
KEGG_LEUKOCYTE_TRANSENDOTHELIAL_MIGRATION,7412
KEGG_LEUKOCYTE_TRANSENDOTHELIAL_MIGRATION,9080
KEGG_LEUKOCYTE_TRANSENDOTHELIAL_MIGRATION,3702
KEGG_LEUKOCYTE_TRANSENDOTHELIAL_MIGRATION,399
KEGG_LEUKOCYTE_TRANSENDOTHELIAL_MIGRATION,394
KEGG_LEUKOCYTE_TRANSENDOTHELIAL_MIGRATION,4688
KEGG_LEUKOCYTE_TRANSENDOTHELIAL_MIGRATION,10411
KEGG_LEUKOCYTE_TRANSENDOTHELIAL_MIGRATION,4318
KEGG_LEUKOCYTE_TRANSENDOTHELIAL_MIGRATION,9076
KEGG_LEUKOCYTE_TRANSENDOTHELIAL_MIGRATION,11069
KEGG_LEUKOCYTE_TRANSENDOTHELIAL_MIGRATION,7414
KEGG_LEUKOCYTE_TRANSENDOTHELIAL_MIGRATION,58494
KEGG_LEUKOCYTE_TRANSENDOTHELIAL_MIGRATION,10686
KEGG_LEUKOCYTE_TRANSENDOTHELIAL_MIGRATION,7430
KEGG_LEUKOCYTE_TRANSENDOTHELIAL_MIGRATION,1500
KEGG_LEUKOCYTE_TRANSENDOTHELIAL_MIGRATION,5010
KEGG_LEUKOCYTE_TRANSENDOTHELIAL_MIGRATION,10398
KEGG_LEUKOCYTE_TRANSENDOTHELIAL_MIGRATION,137075
KEGG_LONG_TERM_DEPRESSION,2977
KEGG_LONG_TERM_DEPRESSION,5331
KEGG_LONG_TERM_DEPRESSION,26279
KEGG_LONG_TERM_DEPRESSION,2767
KEGG_LONG_TERM_DEPRESSION,5519
KEGG_LONG_TERM_DEPRESSION,2892
KEGG_LONG_TERM_DEPRESSION,5320
KEGG_LONG_TERM_DEPRESSION,2781
KEGG_LONG_TERM_POTENTIATION,5566
KEGG_LONG_TERM_POTENTIATION,5331
KEGG_LONG_TERM_POTENTIATION,6196
KEGG_LONG_TERM_POTENTIATION,775
KEGG_LONG_TERM_POTENTIATION,10411
KEGG_LONG_TERM_POTENTIATION,814
KEGG_LONG_TERM_POTENTIATION,5501
KEGG_LYSINE_DEGRADATION,51166
KEGG_LYSINE_DEGRADATION,39
KEGG_LYSINE_DEGRADATION,79723
KEGG_LYSOSOME,3373
KEGG_LYSOSOME,6556
KEGG_LYSOSOME,6272
KEGG_LYSOSOME,57192
KEGG_LYSOSOME,55353
KEGG_LYSOSOME,1512
KEGG_LYSOSOME,20
KEGG_LYSOSOME,2517
KEGG_LYSOSOME,6448
KEGG_LYSOSOME,245972
KEGG_LYSOSOME,1513
KEGG_LYSOSOME,8218
KEGG_LYSOSOME,527
KEGG_MAPK_SIGNALING_PATHWAY,2257
KEGG_MAPK_SIGNALING_PATHWAY,2264
KEGG_MAPK_SIGNALING_PATHWAY,776
KEGG_MAPK_SIGNALING_PATHWAY,5566
KEGG_MAPK_SIGNALING_PATHWAY,4908
KEGG_MAPK_SIGNALING_PATHWAY,2246
KEGG_MAPK_SIGNALING_PATHWAY,5801
KEGG_MAPK_SIGNALING_PATHWAY,8822
KEGG_MAPK_SIGNALING_PATHWAY,2261
KEGG_MAPK_SIGNALING_PATHWAY,55970
KEGG_MAPK_SIGNALING_PATHWAY,5602
KEGG_MAPK_SIGNALING_PATHWAY,9693
KEGG_MAPK_SIGNALING_PATHWAY,5778
KEGG_MAPK_SIGNALING_PATHWAY,6196
KEGG_MAPK_SIGNALING_PATHWAY,26279
KEGG_MAPK_SIGNALING_PATHWAY,3306
KEGG_MAPK_SIGNALING_PATHWAY,5154
KEGG_MAPK_SIGNALING_PATHWAY,7042
KEGG_MAPK_SIGNALING_PATHWAY,2252
KEGG_MAPK_SIGNALING_PATHWAY,10125
KEGG_MAPK_SIGNALING_PATHWAY,775
KEGG_MAPK_SIGNALING_PATHWAY,115727
KEGG_MAPK_SIGNALING_PATHWAY,9344
KEGG_MAPK_SIGNALING_PATHWAY,2122
KEGG_MAPK_SIGNALING_PATHWAY,2256
KEGG_MAPK_SIGNALING_PATHWAY,5156
KEGG_MAPK_SIGNALING_PATHWAY,4803
KEGG_MAPK_SIGNALING_PATHWAY,9479
KEGG_MAPK_SIGNALING_PATHWAY,4296
KEGG_MAPK_SIGNALING_PATHWAY,2263
KEGG_MAPK_SIGNALING_PATHWAY,408
KEGG_MAPK_SIGNALING_PATHWAY,23542
KEGG_MAPK_SIGNALING_PATHWAY,1846
KEGG_MAPK_SIGNALING_PATHWAY,2260
KEGG_MAPK_SIGNALING_PATHWAY,3925
KEGG_MAPK_SIGNALING_PATHWAY,9448
KEGG_MAPK_SIGNALING_PATHWAY,836
KEGG_MAPK_SIGNALING_PATHWAY,22808
KEGG_MAPK_SIGNALING_PATHWAY,5320
KEGG_MAPK_SIGNALING_PATHWAY,1845
KEGG_MAPK_SIGNALING_PATHWAY,1398
KEGG_MAPK_SIGNALING_PATHWAY,8913
KEGG_MAPK_SIGNALING_PATHWAY,7043
KEGG_MAPK_SIGNALING_PATHWAY,7850
KEGG_MAPK_SIGNALING_PATHWAY,1956
KEGG_MAPK_SIGNALING_PATHWAY,3310
KEGG_MAPK_SIGNALING_PATHWAY,1844
KEGG_MAPK_SIGNALING_PATHWAY,8911
KEGG_MAPK_SIGNALING_PATHWAY,3727
KEGG_MAPK_SIGNALING_PATHWAY,5923
KEGG_MAPK_SIGNALING_PATHWAY,6237
KEGG_MAPK_SIGNALING_PATHWAY,4915
KEGG_MELANOGENESIS,5566
KEGG_MELANOGENESIS,6934
KEGG_MELANOGENESIS,7472
KEGG_MELANOGENESIS,5331
KEGG_MELANOGENESIS,8325
KEGG_MELANOGENESIS,111
KEGG_MELANOGENESIS,51176
KEGG_MELANOGENESIS,7476
KEGG_MELANOGENESIS,7475
KEGG_MELANOGENESIS,7976
KEGG_MELANOGENESIS,1855
KEGG_MELANOGENESIS,11211
KEGG_MELANOGENESIS,115
KEGG_MELANOGENESIS,6932
KEGG_MELANOGENESIS,8321
KEGG_MELANOGENESIS,90993
KEGG_MELANOMA,2257
KEGG_MELANOMA,2246
KEGG_MELANOMA,595
KEGG_MELANOMA,8822
KEGG_MELANOMA,5154
KEGG_MELANOMA,2252
KEGG_MELANOMA,2256
KEGG_MELANOMA,4233
KEGG_MELANOMA,5156
KEGG_MELANOMA,80310
KEGG_MELANOMA,3082
KEGG_MELANOMA,2260
KEGG_MELANOMA,1869
KEGG_MELANOMA,1956
KEGG_MELANOMA,1870
KEGG_MELANOMA,1029
KEGG_METABOLISM_OF_XENOBIOTICS_BY_CYTOCHROME_P450,29785
KEGG_METABOLISM_OF_XENOBIOTICS_BY_CYTOCHROME_P450,27294
KEGG_METABOLISM_OF_XENOBIOTICS_BY_CYTOCHROME_P450,124
KEGG_METABOLISM_OF_XENOBIOTICS_BY_CYTOCHROME_P450,125
KEGG_METABOLISM_OF_XENOBIOTICS_BY_CYTOCHROME_P450,1545
KEGG_METABOLISM_OF_XENOBIOTICS_BY_CYTOCHROME_P450,8644
KEGG_METABOLISM_OF_XENOBIOTICS_BY_CYTOCHROME_P450,221
KEGG_MISMATCH_REPAIR,5111
KEGG_MISMATCH_REPAIR,5983
KEGG_MISMATCH_REPAIR,2956
KEGG_MISMATCH_REPAIR,9156
KEGG_MISMATCH_REPAIR,5984
KEGG_MISMATCH_REPAIR,5985
KEGG_MISMATCH_REPAIR,4436
KEGG_MISMATCH_REPAIR,6119
KEGG_MTOR_SIGNALING_PATHWAY,5563
KEGG_MTOR_SIGNALING_PATHWAY,7422
KEGG_MTOR_SIGNALING_PATHWAY,6196
KEGG_MTOR_SIGNALING_PATHWAY,8408
KEGG_MTOR_SIGNALING_PATHWAY,5228
KEGG_N_GLYCAN_BIOSYNTHESIS,11320
KEGG_N_GLYCAN_BIOSYNTHESIS,4248
KEGG_N_GLYCAN_BIOSYNTHESIS,146664
KEGG_NATURAL_KILLER_CELL_MEDIATED_CYTOTOXICITY,2215
KEGG_NATURAL_KILLER_CELL_MEDIATED_CYTOTOXICITY,8794
KEGG_NATURAL_KILLER_CELL_MEDIATED_CYTOTOXICITY,135250
KEGG_NATURAL_KILLER_CELL_MEDIATED_CYTOTOXICITY,51744
KEGG_NATURAL_KILLER_CELL_MEDIATED_CYTOTOXICITY,25759
KEGG_NATURAL_KILLER_CELL_MEDIATED_CYTOTOXICITY,3932
KEGG_NATURAL_KILLER_CELL_MEDIATED_CYTOTOXICITY,117157
KEGG_NATURAL_KILLER_CELL_MEDIATED_CYTOTOXICITY,3384
KEGG_NATURAL_KILLER_CELL_MEDIATED_CYTOTOXICITY,4068
KEGG_NATURAL_KILLER_CELL_MEDIATED_CYTOTOXICITY,27040
KEGG_NATURAL_KILLER_CELL_MEDIATED_CYTOTOXICITY,6452
KEGG_NATURAL_KILLER_CELL_MEDIATED_CYTOTOXICITY,3458
KEGG_NATURAL_KILLER_CELL_MEDIATED_CYTOTOXICITY,3824
KEGG_NATURAL_KILLER_CELL_MEDIATED_CYTOTOXICITY,836
KEGG_NATURAL_KILLER_CELL_MEDIATED_CYTOTOXICITY,3822
KEGG_NATURAL_KILLER_CELL_MEDIATED_CYTOTOXICITY,2214
KEGG_NATURAL_KILLER_CELL_MEDIATED_CYTOTOXICITY,3821
KEGG_NATURAL_KILLER_CELL_MEDIATED_CYTOTOXICITY,3133
KEGG_NATURAL_KILLER_CELL_MEDIATED_CYTOTOXICITY,2207
KEGG_NATURAL_KILLER_CELL_MEDIATED_CYTOTOXICITY,3460
KEGG_NATURAL_KILLER_CELL_MEDIATED_CYTOTOXICITY,3823
KEGG_NATURAL_KILLER_CELL_MEDIATED_CYTOTOXICITY,7305
KEGG_NEUROACTIVE_LIGAND_RECEPTOR_INTERACTION,1137
KEGG_NEUROACTIVE_LIGAND_RECEPTOR_INTERACTION,2561
KEGG_NEUROACTIVE_LIGAND_RECEPTOR_INTERACTION,1132
KEGG_NEUROACTIVE_LIGAND_RECEPTOR_INTERACTION,147
KEGG_NEUROACTIVE_LIGAND_RECEPTOR_INTERACTION,6869
KEGG_NEUROACTIVE_LIGAND_RECEPTOR_INTERACTION,185
KEGG_NEUROACTIVE_LIGAND_RECEPTOR_INTERACTION,5029
KEGG_NEUROACTIVE_LIGAND_RECEPTOR_INTERACTION,187
KEGG_NEUROACTIVE_LIGAND_RECEPTOR_INTERACTION,6915
KEGG_NEUROACTIVE_LIGAND_RECEPTOR_INTERACTION,151
KEGG_NEUROACTIVE_LIGAND_RECEPTOR_INTERACTION,146
KEGG_NEUROACTIVE_LIGAND_RECEPTOR_INTERACTION,134
KEGG_NEUROACTIVE_LIGAND_RECEPTOR_INTERACTION,6752
KEGG_NEUROACTIVE_LIGAND_RECEPTOR_INTERACTION,1134
KEGG_NEUROACTIVE_LIGAND_RECEPTOR_INTERACTION,5745
KEGG_NEUROACTIVE_LIGAND_RECEPTOR_INTERACTION,5031
KEGG_NEUROACTIVE_LIGAND_RECEPTOR_INTERACTION,7068
KEGG_NEUROACTIVE_LIGAND_RECEPTOR_INTERACTION,53637
KEGG_NEUROACTIVE_LIGAND_RECEPTOR_INTERACTION,2913
KEGG_NEUROACTIVE_LIGAND_RECEPTOR_INTERACTION,153
KEGG_NEUROACTIVE_LIGAND_RECEPTOR_INTERACTION,1131
KEGG_NEUROACTIVE_LIGAND_RECEPTOR_INTERACTION,10316
KEGG_NEUROACTIVE_LIGAND_RECEPTOR_INTERACTION,2149
KEGG_NEUROACTIVE_LIGAND_RECEPTOR_INTERACTION,152
KEGG_NEUROACTIVE_LIGAND_RECEPTOR_INTERACTION,9294
KEGG_NEUROACTIVE_LIGAND_RECEPTOR_INTERACTION,148
KEGG_NEUROACTIVE_LIGAND_RECEPTOR_INTERACTION,2357
KEGG_NEUROACTIVE_LIGAND_RECEPTOR_INTERACTION,9127
KEGG_NEUROACTIVE_LIGAND_RECEPTOR_INTERACTION,2150
KEGG_NEUROACTIVE_LIGAND_RECEPTOR_INTERACTION,4886
KEGG_NEUROACTIVE_LIGAND_RECEPTOR_INTERACTION,2358
KEGG_NEUROACTIVE_LIGAND_RECEPTOR_INTERACTION,5028
KEGG_NEUROACTIVE_LIGAND_RECEPTOR_INTERACTION,5733
KEGG_NEUROACTIVE_LIGAND_RECEPTOR_INTERACTION,728
KEGG_NEUROACTIVE_LIGAND_RECEPTOR_INTERACTION,3355
KEGG_NEUROACTIVE_LIGAND_RECEPTOR_INTERACTION,2690
KEGG_NEUROACTIVE_LIGAND_RECEPTOR_INTERACTION,2893
KEGG_NEUROACTIVE_LIGAND_RECEPTOR_INTERACTION,4889
KEGG_NEUROACTIVE_LIGAND_RECEPTOR_INTERACTION,5737
KEGG_NEUROACTIVE_LIGAND_RECEPTOR_INTERACTION,2894
KEGG_NEUROACTIVE_LIGAND_RECEPTOR_INTERACTION,1268
KEGG_NEUROACTIVE_LIGAND_RECEPTOR_INTERACTION,3362
KEGG_NEUROACTIVE_LIGAND_RECEPTOR_INTERACTION,2892
KEGG_NEUROACTIVE_LIGAND_RECEPTOR_INTERACTION,2568
KEGG_NEUROACTIVE_LIGAND_RECEPTOR_INTERACTION,6753
KEGG_NEUROACTIVE_LIGAND_RECEPTOR_INTERACTION,9002
KEGG_NEUROACTIVE_LIGAND_RECEPTOR_INTERACTION,3953
KEGG_NEUROACTIVE_LIGAND_RECEPTOR_INTERACTION,2900
KEGG_NEUROACTIVE_LIGAND_RECEPTOR_INTERACTION,2859
KEGG_NEUROACTIVE_LIGAND_RECEPTOR_INTERACTION,3357
KEGG_NEUROACTIVE_LIGAND_RECEPTOR_INTERACTION,2901
KEGG_NEUROACTIVE_LIGAND_RECEPTOR_INTERACTION,4987
KEGG_NEUROACTIVE_LIGAND_RECEPTOR_INTERACTION,117
KEGG_NEUROACTIVE_LIGAND_RECEPTOR_INTERACTION,2555
KEGG_NEUROACTIVE_LIGAND_RECEPTOR_INTERACTION,2564
KEGG_NEUROACTIVE_LIGAND_RECEPTOR_INTERACTION,554
KEGG_NEUROACTIVE_LIGAND_RECEPTOR_INTERACTION,2912
KEGG_NEUROACTIVE_LIGAND_RECEPTOR_INTERACTION,1138
KEGG_NEUROACTIVE_LIGAND_RECEPTOR_INTERACTION,6344
KEGG_NEUROTROPHIN_SIGNALING_PATHWAY,4908
KEGG_NEUROTROPHIN_SIGNALING_PATHWAY,5602
KEGG_NEUROTROPHIN_SIGNALING_PATHWAY,25759
KEGG_NEUROTROPHIN_SIGNALING_PATHWAY,6196
KEGG_NEUROTROPHIN_SIGNALING_PATHWAY,6272
KEGG_NEUROTROPHIN_SIGNALING_PATHWAY,11213
KEGG_NEUROTROPHIN_SIGNALING_PATHWAY,4804
KEGG_NEUROTROPHIN_SIGNALING_PATHWAY,4803
KEGG_NEUROTROPHIN_SIGNALING_PATHWAY,8660
KEGG_NEUROTROPHIN_SIGNALING_PATHWAY,814
KEGG_NEUROTROPHIN_SIGNALING_PATHWAY,1398
KEGG_NEUROTROPHIN_SIGNALING_PATHWAY,4915
KEGG_NICOTINATE_AND_NICOTINAMIDE_METABOLISM,23057
KEGG_NICOTINATE_AND_NICOTINAMIDE_METABOLISM,10135
KEGG_NICOTINATE_AND_NICOTINAMIDE_METABOLISM,23475
KEGG_NITROGEN_METABOLISM,3034
KEGG_NITROGEN_METABOLISM,1373
KEGG_NITROGEN_METABOLISM,762
KEGG_NITROGEN_METABOLISM,771
KEGG_NOD_LIKE_RECEPTOR_SIGNALING_PATHWAY,2919
KEGG_NOD_LIKE_RECEPTOR_SIGNALING_PATHWAY,4210
KEGG_NOD_LIKE_RECEPTOR_SIGNALING_PATHWAY,5602
KEGG_NOD_LIKE_RECEPTOR_SIGNALING_PATHWAY,64170
KEGG_NOD_LIKE_RECEPTOR_SIGNALING_PATHWAY,6357
KEGG_NOD_LIKE_RECEPTOR_SIGNALING_PATHWAY,2920
KEGG_NOD_LIKE_RECEPTOR_SIGNALING_PATHWAY,84674
KEGG_NOD_LIKE_RECEPTOR_SIGNALING_PATHWAY,58484
KEGG_NOD_LIKE_RECEPTOR_SIGNALING_PATHWAY,330
KEGG_NOD_LIKE_RECEPTOR_SIGNALING_PATHWAY,29108
KEGG_NON_SMALL_CELL_LUNG_CANCER,595
KEGG_NON_SMALL_CELL_LUNG_CANCER,6256
KEGG_NON_SMALL_CELL_LUNG_CANCER,1869
KEGG_NON_SMALL_CELL_LUNG_CANCER,1956
KEGG_NON_SMALL_CELL_LUNG_CANCER,1870
KEGG_NON_SMALL_CELL_LUNG_CANCER,1029
KEGG_NOTCH_SIGNALING_PATHWAY,182
KEGG_NOTCH_SIGNALING_PATHWAY,4851
KEGG_NOTCH_SIGNALING_PATHWAY,1488
KEGG_NOTCH_SIGNALING_PATHWAY,9612
KEGG_NOTCH_SIGNALING_PATHWAY,1855
KEGG_NOTCH_SIGNALING_PATHWAY,3714
KEGG_NUCLEOTIDE_EXCISION_REPAIR,5111
KEGG_NUCLEOTIDE_EXCISION_REPAIR,5983
KEGG_NUCLEOTIDE_EXCISION_REPAIR,5984
KEGG_NUCLEOTIDE_EXCISION_REPAIR,5427
KEGG_NUCLEOTIDE_EXCISION_REPAIR,5985
KEGG_NUCLEOTIDE_EXCISION_REPAIR,6119
KEGG_O_GLYCAN_BIOSYNTHESIS,55808
KEGG_O_GLYCAN_BIOSYNTHESIS,2591
KEGG_O_GLYCAN_BIOSYNTHESIS,51301
KEGG_O_GLYCAN_BIOSYNTHESIS,9334
KEGG_O_GLYCAN_BIOSYNTHESIS,57452
KEGG_O_GLYCAN_BIOSYNTHESIS,9245
KEGG_O_GLYCAN_BIOSYNTHESIS,117248
KEGG_OLFACTORY_TRANSDUCTION,390181
KEGG_OLFACTORY_TRANSDUCTION,5566
KEGG_OLFACTORY_TRANSDUCTION,2774
KEGG_OLFACTORY_TRANSDUCTION,284521
KEGG_ONE_CARBON_POOL_BY_FOLATE,1719
KEGG_ONE_CARBON_POOL_BY_FOLATE,10797
KEGG_ONE_CARBON_POOL_BY_FOLATE,7298
KEGG_OOCYTE_MEIOSIS,5566
KEGG_OOCYTE_MEIOSIS,5241
KEGG_OOCYTE_MEIOSIS,6196
KEGG_OOCYTE_MEIOSIS,111
KEGG_OOCYTE_MEIOSIS,4085
KEGG_OOCYTE_MEIOSIS,9134
KEGG_OOCYTE_MEIOSIS,891
KEGG_OOCYTE_MEIOSIS,983
KEGG_OOCYTE_MEIOSIS,9133
KEGG_OOCYTE_MEIOSIS,9232
KEGG_OOCYTE_MEIOSIS,26271
KEGG_OOCYTE_MEIOSIS,5519
KEGG_OOCYTE_MEIOSIS,115
KEGG_OOCYTE_MEIOSIS,286151
KEGG_OOCYTE_MEIOSIS,6790
KEGG_OOCYTE_MEIOSIS,991
KEGG_OOCYTE_MEIOSIS,699
KEGG_OOCYTE_MEIOSIS,9700
KEGG_OOCYTE_MEIOSIS,5347
KEGG_OOCYTE_MEIOSIS,5501
KEGG_OOCYTE_MEIOSIS,898
KEGG_OOCYTE_MEIOSIS,995
KEGG_OOCYTE_MEIOSIS,367
KEGG_OOCYTE_MEIOSIS,9088
KEGG_OXIDATIVE_PHOSPHORYLATION,56901
KEGG_OXIDATIVE_PHOSPHORYLATION,495
KEGG_OXIDATIVE_PHOSPHORYLATION,5464
KEGG_OXIDATIVE_PHOSPHORYLATION,1346
KEGG_OXIDATIVE_PHOSPHORYLATION,245972
KEGG_OXIDATIVE_PHOSPHORYLATION,84701
KEGG_OXIDATIVE_PHOSPHORYLATION,527
KEGG_P53_SIGNALING_PATHWAY,595
KEGG_P53_SIGNALING_PATHWAY,56475
KEGG_P53_SIGNALING_PATHWAY,64065
KEGG_P53_SIGNALING_PATHWAY,9134
KEGG_P53_SIGNALING_PATHWAY,5366
KEGG_P53_SIGNALING_PATHWAY,3486
KEGG_P53_SIGNALING_PATHWAY,891
KEGG_P53_SIGNALING_PATHWAY,1111
KEGG_P53_SIGNALING_PATHWAY,983
KEGG_P53_SIGNALING_PATHWAY,9133
KEGG_P53_SIGNALING_PATHWAY,6241
KEGG_P53_SIGNALING_PATHWAY,836
KEGG_P53_SIGNALING_PATHWAY,51512
KEGG_P53_SIGNALING_PATHWAY,898
KEGG_P53_SIGNALING_PATHWAY,1029
KEGG_PANCREATIC_CANCER,595
KEGG_PANCREATIC_CANCER,7422
KEGG_PANCREATIC_CANCER,5602
KEGG_PANCREATIC_CANCER,7042
KEGG_PANCREATIC_CANCER,5888
KEGG_PANCREATIC_CANCER,1869
KEGG_PANCREATIC_CANCER,5228
KEGG_PANCREATIC_CANCER,7043
KEGG_PANCREATIC_CANCER,1956
KEGG_PANCREATIC_CANCER,1870
KEGG_PANCREATIC_CANCER,675
KEGG_PANCREATIC_CANCER,1029
KEGG_PARKINSONS_DISEASE,2861
KEGG_PARKINSONS_DISEASE,6622
KEGG_PARKINSONS_DISEASE,56901
KEGG_PARKINSONS_DISEASE,7345
KEGG_PARKINSONS_DISEASE,9627
KEGG_PARKINSONS_DISEASE,1346
KEGG_PARKINSONS_DISEASE,836
KEGG_PARKINSONS_DISEASE,51465
KEGG_PARKINSONS_DISEASE,84701
KEGG_PARKINSONS_DISEASE,65018
KEGG_PATHOGENIC_ESCHERICHIA_COLI_INFECTION,10382
KEGG_PATHOGENIC_ESCHERICHIA_COLI_INFECTION,81027
KEGG_PATHOGENIC_ESCHERICHIA_COLI_INFECTION,2017
KEGG_PATHOGENIC_ESCHERICHIA_COLI_INFECTION,347733
KEGG_PATHOGENIC_ESCHERICHIA_COLI_INFECTION,9076
KEGG_PATHOGENIC_ESCHERICHIA_COLI_INFECTION,7277
KEGG_PATHOGENIC_ESCHERICHIA_COLI_INFECTION,10381
KEGG_PATHOGENIC_ESCHERICHIA_COLI_INFECTION,7099
KEGG_PATHOGENIC_ESCHERICHIA_COLI_INFECTION,84790
KEGG_PATHOGENIC_ESCHERICHIA_COLI_INFECTION,7430
KEGG_PATHOGENIC_ESCHERICHIA_COLI_INFECTION,3875
KEGG_PATHOGENIC_ESCHERICHIA_COLI_INFECTION,10376
KEGG_PATHOGENIC_ESCHERICHIA_COLI_INFECTION,10383
KEGG_PATHOGENIC_ESCHERICHIA_COLI_INFECTION,7280
KEGG_PATHWAYS_IN_CANCER,2257
KEGG_PATHWAYS_IN_CANCER,10319
KEGG_PATHWAYS_IN_CANCER,3918
KEGG_PATHWAYS_IN_CANCER,3673
KEGG_PATHWAYS_IN_CANCER,3674
KEGG_PATHWAYS_IN_CANCER,6934
KEGG_PATHWAYS_IN_CANCER,2246
KEGG_PATHWAYS_IN_CANCER,595
KEGG_PATHWAYS_IN_CANCER,7422
KEGG_PATHWAYS_IN_CANCER,7472
KEGG_PATHWAYS_IN_CANCER,1441
KEGG_PATHWAYS_IN_CANCER,3909
KEGG_PATHWAYS_IN_CANCER,8822
KEGG_PATHWAYS_IN_CANCER,2261
KEGG_PATHWAYS_IN_CANCER,3910
KEGG_PATHWAYS_IN_CANCER,5602
KEGG_PATHWAYS_IN_CANCER,5154
KEGG_PATHWAYS_IN_CANCER,7042
KEGG_PATHWAYS_IN_CANCER,650
KEGG_PATHWAYS_IN_CANCER,8325
KEGG_PATHWAYS_IN_CANCER,2252
KEGG_PATHWAYS_IN_CANCER,2122
KEGG_PATHWAYS_IN_CANCER,51176
KEGG_PATHWAYS_IN_CANCER,1488
KEGG_PATHWAYS_IN_CANCER,2256
KEGG_PATHWAYS_IN_CANCER,4843
KEGG_PATHWAYS_IN_CANCER,3911
KEGG_PATHWAYS_IN_CANCER,5914
KEGG_PATHWAYS_IN_CANCER,6256
KEGG_PATHWAYS_IN_CANCER,7185
KEGG_PATHWAYS_IN_CANCER,4318
KEGG_PATHWAYS_IN_CANCER,9134
KEGG_PATHWAYS_IN_CANCER,7476
KEGG_PATHWAYS_IN_CANCER,3675
KEGG_PATHWAYS_IN_CANCER,1288
KEGG_PATHWAYS_IN_CANCER,4233
KEGG_PATHWAYS_IN_CANCER,5156
KEGG_PATHWAYS_IN_CANCER,7475
KEGG_PATHWAYS_IN_CANCER,3655
KEGG_PATHWAYS_IN_CANCER,2263
KEGG_PATHWAYS_IN_CANCER,5888
KEGG_PATHWAYS_IN_CANCER,7976
KEGG_PATHWAYS_IN_CANCER,1855
KEGG_PATHWAYS_IN_CANCER,3908
KEGG_PATHWAYS_IN_CANCER,3082
KEGG_PATHWAYS_IN_CANCER,1284
KEGG_PATHWAYS_IN_CANCER,11211
KEGG_PATHWAYS_IN_CANCER,2260
KEGG_PATHWAYS_IN_CANCER,284217
KEGG_PATHWAYS_IN_CANCER,1869
KEGG_PATHWAYS_IN_CANCER,2956
KEGG_PATHWAYS_IN_CANCER,6932
KEGG_PATHWAYS_IN_CANCER,5228
KEGG_PATHWAYS_IN_CANCER,1282
KEGG_PATHWAYS_IN_CANCER,332
KEGG_PATHWAYS_IN_CANCER,836
KEGG_PATHWAYS_IN_CANCER,330
KEGG_PATHWAYS_IN_CANCER,8321
KEGG_PATHWAYS_IN_CANCER,1398
KEGG_PATHWAYS_IN_CANCER,3912
KEGG_PATHWAYS_IN_CANCER,7043
KEGG_PATHWAYS_IN_CANCER,1030
KEGG_PATHWAYS_IN_CANCER,23604
KEGG_PATHWAYS_IN_CANCER,5979
KEGG_PATHWAYS_IN_CANCER,1956
KEGG_PATHWAYS_IN_CANCER,898
KEGG_PATHWAYS_IN_CANCER,4436
KEGG_PATHWAYS_IN_CANCER,1436
KEGG_PATHWAYS_IN_CANCER,8313
KEGG_PATHWAYS_IN_CANCER,5468
KEGG_PATHWAYS_IN_CANCER,1870
KEGG_PATHWAYS_IN_CANCER,367
KEGG_PATHWAYS_IN_CANCER,2335
KEGG_PATHWAYS_IN_CANCER,5743
KEGG_PATHWAYS_IN_CANCER,675
KEGG_PATHWAYS_IN_CANCER,1163
KEGG_PATHWAYS_IN_CANCER,1029
KEGG_PEROXISOME,23305
KEGG_PEROXISOME,4843
KEGG_PEROXISOME,215
KEGG_PEROXISOME,11001
KEGG_PEROXISOME,55711
KEGG_PEROXISOME,92960
KEGG_PHOSPHATIDYLINOSITOL_SIGNALING_SYSTEM,51196
KEGG_PHOSPHATIDYLINOSITOL_SIGNALING_SYSTEM,5331
KEGG_PHOSPHATIDYLINOSITOL_SIGNALING_SYSTEM,3628
KEGG_PHOSPHATIDYLINOSITOL_SIGNALING_SYSTEM,23396
KEGG_PHOSPHATIDYLINOSITOL_SIGNALING_SYSTEM,1606
KEGG_PHOSPHATIDYLINOSITOL_SIGNALING_SYSTEM,1040
KEGG_PHOSPHATIDYLINOSITOL_SIGNALING_SYSTEM,8821
KEGG_PHOSPHATIDYLINOSITOL_SIGNALING_SYSTEM,3705
KEGG_PPAR_SIGNALING_PATHWAY,948
KEGG_PPAR_SIGNALING_PATHWAY,4023
KEGG_PPAR_SIGNALING_PATHWAY,9370
KEGG_PPAR_SIGNALING_PATHWAY,23305
KEGG_PPAR_SIGNALING_PATHWAY,2167
KEGG_PPAR_SIGNALING_PATHWAY,6256
KEGG_PPAR_SIGNALING_PATHWAY,10580
KEGG_PPAR_SIGNALING_PATHWAY,5346
KEGG_PPAR_SIGNALING_PATHWAY,2170
KEGG_PPAR_SIGNALING_PATHWAY,11001
KEGG_PPAR_SIGNALING_PATHWAY,1593
KEGG_PPAR_SIGNALING_PATHWAY,5360
KEGG_PPAR_SIGNALING_PATHWAY,5468
KEGG_PRIMARY_IMMUNODEFICIENCY,5896
KEGG_PRIMARY_IMMUNODEFICIENCY,915
KEGG_PRIMARY_IMMUNODEFICIENCY,3932
KEGG_PRIMARY_IMMUNODEFICIENCY,29851
KEGG_PRIMARY_IMMUNODEFICIENCY,916
KEGG_PRIMARY_IMMUNODEFICIENCY,959
KEGG_PRIMARY_IMMUNODEFICIENCY,57379
KEGG_PRIMARY_IMMUNODEFICIENCY,100
KEGG_PRIMARY_IMMUNODEFICIENCY,925
KEGG_PRIMARY_IMMUNODEFICIENCY,326
KEGG_PRIMARY_IMMUNODEFICIENCY,926
KEGG_PRIMARY_IMMUNODEFICIENCY,3575
KEGG_PRION_DISEASES,5566
KEGG_PRION_DISEASES,4685
KEGG_PRION_DISEASES,4851
KEGG_PRION_DISEASES,729
KEGG_PRION_DISEASES,733
KEGG_PRION_DISEASES,4684
KEGG_PRION_DISEASES,714
KEGG_PROGESTERONE_MEDIATED_OOCYTE_MATURATION,5566
KEGG_PROGESTERONE_MEDIATED_OOCYTE_MATURATION,5602
KEGG_PROGESTERONE_MEDIATED_OOCYTE_MATURATION,5241
KEGG_PROGESTERONE_MEDIATED_OOCYTE_MATURATION,6196
KEGG_PROGESTERONE_MEDIATED_OOCYTE_MATURATION,111
KEGG_PROGESTERONE_MEDIATED_OOCYTE_MATURATION,4085
KEGG_PROGESTERONE_MEDIATED_OOCYTE_MATURATION,891
KEGG_PROGESTERONE_MEDIATED_OOCYTE_MATURATION,890
KEGG_PROGESTERONE_MEDIATED_OOCYTE_MATURATION,983
KEGG_PROGESTERONE_MEDIATED_OOCYTE_MATURATION,9133
KEGG_PROGESTERONE_MEDIATED_OOCYTE_MATURATION,115
KEGG_PROGESTERONE_MEDIATED_OOCYTE_MATURATION,699
KEGG_PROGESTERONE_MEDIATED_OOCYTE_MATURATION,5347
KEGG_PROGESTERONE_MEDIATED_OOCYTE_MATURATION,995
KEGG_PROGESTERONE_MEDIATED_OOCYTE_MATURATION,993
KEGG_PROGESTERONE_MEDIATED_OOCYTE_MATURATION,9088
KEGG_PROPANOATE_METABOLISM,3945
KEGG_PROPANOATE_METABOLISM,39
KEGG_PROPANOATE_METABOLISM,3939
KEGG_PROSTATE_CANCER,6934
KEGG_PROSTATE_CANCER,595
KEGG_PROSTATE_CANCER,9586
KEGG_PROSTATE_CANCER,5154
KEGG_PROSTATE_CANCER,51176
KEGG_PROSTATE_CANCER,9134
KEGG_PROSTATE_CANCER,5156
KEGG_PROSTATE_CANCER,80310
KEGG_PROSTATE_CANCER,2263
KEGG_PROSTATE_CANCER,2260
KEGG_PROSTATE_CANCER,1869
KEGG_PROSTATE_CANCER,6932
KEGG_PROSTATE_CANCER,90993
KEGG_PROSTATE_CANCER,1956
KEGG_PROSTATE_CANCER,898
KEGG_PROSTATE_CANCER,1870
KEGG_PROSTATE_CANCER,367
KEGG_PROXIMAL_TUBULE_BICARBONATE_RECLAMATION,481
KEGG_PROXIMAL_TUBULE_BICARBONATE_RECLAMATION,358
KEGG_PROXIMAL_TUBULE_BICARBONATE_RECLAMATION,477
KEGG_PROXIMAL_TUBULE_BICARBONATE_RECLAMATION,8671
KEGG_PROXIMAL_TUBULE_BICARBONATE_RECLAMATION,482
KEGG_PROXIMAL_TUBULE_BICARBONATE_RECLAMATION,762
KEGG_PURINE_METABOLISM,5138
KEGG_PURINE_METABOLISM,956
KEGG_PURINE_METABOLISM,122481
KEGG_PURINE_METABOLISM,2977
KEGG_PURINE_METABOLISM,5152
KEGG_PURINE_METABOLISM,5143
KEGG_PURINE_METABOLISM,5634
KEGG_PURINE_METABOLISM,5153
KEGG_PURINE_METABOLISM,111
KEGG_PURINE_METABOLISM,2766
KEGG_PURINE_METABOLISM,5150
KEGG_PURINE_METABOLISM,1633
KEGG_PURINE_METABOLISM,6240
KEGG_PURINE_METABOLISM,100
KEGG_PURINE_METABOLISM,6241
KEGG_PURINE_METABOLISM,115
KEGG_PURINE_METABOLISM,5427
KEGG_PURINE_METABOLISM,10606
KEGG_PURINE_METABOLISM,5558
KEGG_PURINE_METABOLISM,4830
KEGG_PURINE_METABOLISM,5422
KEGG_PURINE_METABOLISM,203
KEGG_PURINE_METABOLISM,4832
KEGG_PYRIMIDINE_METABOLISM,956
KEGG_PYRIMIDINE_METABOLISM,978
KEGG_PYRIMIDINE_METABOLISM,1633
KEGG_PYRIMIDINE_METABOLISM,6240
KEGG_PYRIMIDINE_METABOLISM,6241
KEGG_PYRIMIDINE_METABOLISM,7298
KEGG_PYRIMIDINE_METABOLISM,7084
KEGG_PYRIMIDINE_METABOLISM,7083
KEGG_PYRIMIDINE_METABOLISM,5427
KEGG_PYRIMIDINE_METABOLISM,1503
KEGG_PYRIMIDINE_METABOLISM,5558
KEGG_PYRIMIDINE_METABOLISM,4830
KEGG_PYRIMIDINE_METABOLISM,5422
KEGG_PYRIMIDINE_METABOLISM,4832
KEGG_PYRUVATE_METABOLISM,3945
KEGG_PYRUVATE_METABOLISM,39
KEGG_PYRUVATE_METABOLISM,3939
KEGG_REGULATION_OF_ACTIN_CYTOSKELETON,2257
KEGG_REGULATION_OF_ACTIN_CYTOSKELETON,2264
KEGG_REGULATION_OF_ACTIN_CYTOSKELETON,3691
KEGG_REGULATION_OF_ACTIN_CYTOSKELETON,1132
KEGG_REGULATION_OF_ACTIN_CYTOSKELETON,3673
KEGG_REGULATION_OF_ACTIN_CYTOSKELETON,3674
KEGG_REGULATION_OF_ACTIN_CYTOSKELETON,2246
KEGG_REGULATION_OF_ACTIN_CYTOSKELETON,3672
KEGG_REGULATION_OF_ACTIN_CYTOSKELETON,9564
KEGG_REGULATION_OF_ACTIN_CYTOSKELETON,8822
KEGG_REGULATION_OF_ACTIN_CYTOSKELETON,2261
KEGG_REGULATION_OF_ACTIN_CYTOSKELETON,55740
KEGG_REGULATION_OF_ACTIN_CYTOSKELETON,81
KEGG_REGULATION_OF_ACTIN_CYTOSKELETON,55970
KEGG_REGULATION_OF_ACTIN_CYTOSKELETON,3680
KEGG_REGULATION_OF_ACTIN_CYTOSKELETON,5154
KEGG_REGULATION_OF_ACTIN_CYTOSKELETON,2252
KEGG_REGULATION_OF_ACTIN_CYTOSKELETON,23396
KEGG_REGULATION_OF_ACTIN_CYTOSKELETON,85366
KEGG_REGULATION_OF_ACTIN_CYTOSKELETON,1131
KEGG_REGULATION_OF_ACTIN_CYTOSKELETON,3696
KEGG_REGULATION_OF_ACTIN_CYTOSKELETON,3687
KEGG_REGULATION_OF_ACTIN_CYTOSKELETON,2149
KEGG_REGULATION_OF_ACTIN_CYTOSKELETON,22801
KEGG_REGULATION_OF_ACTIN_CYTOSKELETON,2256
KEGG_REGULATION_OF_ACTIN_CYTOSKELETON,3693
KEGG_REGULATION_OF_ACTIN_CYTOSKELETON,3675
KEGG_REGULATION_OF_ACTIN_CYTOSKELETON,5156
KEGG_REGULATION_OF_ACTIN_CYTOSKELETON,3681
KEGG_REGULATION_OF_ACTIN_CYTOSKELETON,3655
KEGG_REGULATION_OF_ACTIN_CYTOSKELETON,5217
KEGG_REGULATION_OF_ACTIN_CYTOSKELETON,80310
KEGG_REGULATION_OF_ACTIN_CYTOSKELETON,2263
KEGG_REGULATION_OF_ACTIN_CYTOSKELETON,10458
KEGG_REGULATION_OF_ACTIN_CYTOSKELETON,3690
KEGG_REGULATION_OF_ACTIN_CYTOSKELETON,8516
KEGG_REGULATION_OF_ACTIN_CYTOSKELETON,7414
KEGG_REGULATION_OF_ACTIN_CYTOSKELETON,54961
KEGG_REGULATION_OF_ACTIN_CYTOSKELETON,10298
KEGG_REGULATION_OF_ACTIN_CYTOSKELETON,2260
KEGG_REGULATION_OF_ACTIN_CYTOSKELETON,81624
KEGG_REGULATION_OF_ACTIN_CYTOSKELETON,1793
KEGG_REGULATION_OF_ACTIN_CYTOSKELETON,7430
KEGG_REGULATION_OF_ACTIN_CYTOSKELETON,4638
KEGG_REGULATION_OF_ACTIN_CYTOSKELETON,22808
KEGG_REGULATION_OF_ACTIN_CYTOSKELETON,5501
KEGG_REGULATION_OF_ACTIN_CYTOSKELETON,1398
KEGG_REGULATION_OF_ACTIN_CYTOSKELETON,1956
KEGG_REGULATION_OF_ACTIN_CYTOSKELETON,10398
KEGG_REGULATION_OF_ACTIN_CYTOSKELETON,2335
KEGG_REGULATION_OF_ACTIN_CYTOSKELETON,6237
KEGG_REGULATION_OF_ACTIN_CYTOSKELETON,26230
KEGG_REGULATION_OF_AUTOPHAGY,5563
KEGG_REGULATION_OF_AUTOPHAGY,8408
KEGG_REGULATION_OF_AUTOPHAGY,3458
KEGG_REGULATION_OF_AUTOPHAGY,23710
KEGG_RENAL_CELL_CARCINOMA,7422
KEGG_RENAL_CELL_CARCINOMA,7042
KEGG_RENAL_CELL_CARCINOMA,4233
KEGG_RENAL_CELL_CARCINOMA,3082
KEGG_RENAL_CELL_CARCINOMA,10298
KEGG_RENAL_CELL_CARCINOMA,5228
KEGG_RENAL_CELL_CARCINOMA,1398
KEGG_RENAL_CELL_CARCINOMA,7043
KEGG_RENIN_ANGIOTENSIN_SYSTEM,2028
KEGG_RENIN_ANGIOTENSIN_SYSTEM,185
KEGG_RENIN_ANGIOTENSIN_SYSTEM,1359
KEGG_RENIN_ANGIOTENSIN_SYSTEM,183
KEGG_RETINOL_METABOLISM,8854
KEGG_RETINOL_METABOLISM,124
KEGG_RETINOL_METABOLISM,125
KEGG_RETINOL_METABOLISM,56603
KEGG_RETINOL_METABOLISM,10170
KEGG_RETINOL_METABOLISM,8608
KEGG_RETINOL_METABOLISM,216
KEGG_RETINOL_METABOLISM,157506
KEGG_RIG_I_LIKE_RECEPTOR_SIGNALING_PATHWAY,9755
KEGG_RIG_I_LIKE_RECEPTOR_SIGNALING_PATHWAY,5602
KEGG_RIG_I_LIKE_RECEPTOR_SIGNALING_PATHWAY,843
KEGG_RIG_I_LIKE_RECEPTOR_SIGNALING_PATHWAY,9636
KEGG_RIG_I_LIKE_RECEPTOR_SIGNALING_PATHWAY,3627
KEGG_SMALL_CELL_LUNG_CANCER,10319
KEGG_SMALL_CELL_LUNG_CANCER,3918
KEGG_SMALL_CELL_LUNG_CANCER,3673
KEGG_SMALL_CELL_LUNG_CANCER,3674
KEGG_SMALL_CELL_LUNG_CANCER,595
KEGG_SMALL_CELL_LUNG_CANCER,3909
KEGG_SMALL_CELL_LUNG_CANCER,3910
KEGG_SMALL_CELL_LUNG_CANCER,4843
KEGG_SMALL_CELL_LUNG_CANCER,3911
KEGG_SMALL_CELL_LUNG_CANCER,6256
KEGG_SMALL_CELL_LUNG_CANCER,7185
KEGG_SMALL_CELL_LUNG_CANCER,9134
KEGG_SMALL_CELL_LUNG_CANCER,3675
KEGG_SMALL_CELL_LUNG_CANCER,1288
KEGG_SMALL_CELL_LUNG_CANCER,3655
KEGG_SMALL_CELL_LUNG_CANCER,3908
KEGG_SMALL_CELL_LUNG_CANCER,1284
KEGG_SMALL_CELL_LUNG_CANCER,284217
KEGG_SMALL_CELL_LUNG_CANCER,1869
KEGG_SMALL_CELL_LUNG_CANCER,1282
KEGG_SMALL_CELL_LUNG_CANCER,330
KEGG_SMALL_CELL_LUNG_CANCER,3912
KEGG_SMALL_CELL_LUNG_CANCER,1030
KEGG_SMALL_CELL_LUNG_CANCER,898
KEGG_SMALL_CELL_LUNG_CANCER,1870
KEGG_SMALL_CELL_LUNG_CANCER,2335
KEGG_SMALL_CELL_LUNG_CANCER,5743
KEGG_SMALL_CELL_LUNG_CANCER,1163
KEGG_SPHINGOLIPID_METABOLISM,130367
KEGG_SPHINGOLIPID_METABOLISM,8877
KEGG_SPHINGOLIPID_METABOLISM,7368
KEGG_SPLICEOSOME,3306
KEGG_SPLICEOSOME,51645
KEGG_SPLICEOSOME,6632
KEGG_SPLICEOSOME,3310
KEGG_STARCH_AND_SUCROSE_METABOLISM,3101
KEGG_STARCH_AND_SUCROSE_METABOLISM,57733
KEGG_STARCH_AND_SUCROSE_METABOLISM,8972
KEGG_STARCH_AND_SUCROSE_METABOLISM,283209
KEGG_STARCH_AND_SUCROSE_METABOLISM,5836
KEGG_STEROID_BIOSYNTHESIS,1718
KEGG_STEROID_BIOSYNTHESIS,8435
KEGG_STEROID_BIOSYNTHESIS,1594
KEGG_STEROID_BIOSYNTHESIS,6307
KEGG_STEROID_HORMONE_BIOSYNTHESIS,8630
KEGG_STEROID_HORMONE_BIOSYNTHESIS,1583
KEGG_STEROID_HORMONE_BIOSYNTHESIS,9420
KEGG_STEROID_HORMONE_BIOSYNTHESIS,3291
KEGG_STEROID_HORMONE_BIOSYNTHESIS,1545
KEGG_STEROID_HORMONE_BIOSYNTHESIS,8644
KEGG_SULFUR_METABOLISM,166012
KEGG_SULFUR_METABOLISM,6799
KEGG_SULFUR_METABOLISM,10380
KEGG_SULFUR_METABOLISM,55501
KEGG_SYSTEMIC_LUPUS_ERYTHEMATOSUS,718
KEGG_SYSTEMIC_LUPUS_ERYTHEMATOSUS,2215
KEGG_SYSTEMIC_LUPUS_ERYTHEMATOSUS,940
KEGG_SYSTEMIC_LUPUS_ERYTHEMATOSUS,81
KEGG_SYSTEMIC_LUPUS_ERYTHEMATOSUS,729
KEGG_SYSTEMIC_LUPUS_ERYTHEMATOSUS,733
KEGG_SYSTEMIC_LUPUS_ERYTHEMATOSUS,959
KEGG_SYSTEMIC_LUPUS_ERYTHEMATOSUS,3458
KEGG_SYSTEMIC_LUPUS_ERYTHEMATOSUS,3586
KEGG_SYSTEMIC_LUPUS_ERYTHEMATOSUS,6632
KEGG_SYSTEMIC_LUPUS_ERYTHEMATOSUS,2214
KEGG_SYSTEMIC_LUPUS_ERYTHEMATOSUS,714
KEGG_T_CELL_RECEPTOR_SIGNALING_PATHWAY,1493
KEGG_T_CELL_RECEPTOR_SIGNALING_PATHWAY,940
KEGG_T_CELL_RECEPTOR_SIGNALING_PATHWAY,915
KEGG_T_CELL_RECEPTOR_SIGNALING_PATHWAY,3932
KEGG_T_CELL_RECEPTOR_SIGNALING_PATHWAY,917
KEGG_T_CELL_RECEPTOR_SIGNALING_PATHWAY,3702
KEGG_T_CELL_RECEPTOR_SIGNALING_PATHWAY,5588
KEGG_T_CELL_RECEPTOR_SIGNALING_PATHWAY,10125
KEGG_T_CELL_RECEPTOR_SIGNALING_PATHWAY,29851
KEGG_T_CELL_RECEPTOR_SIGNALING_PATHWAY,27040
KEGG_T_CELL_RECEPTOR_SIGNALING_PATHWAY,916
KEGG_T_CELL_RECEPTOR_SIGNALING_PATHWAY,959
KEGG_T_CELL_RECEPTOR_SIGNALING_PATHWAY,10892
KEGG_T_CELL_RECEPTOR_SIGNALING_PATHWAY,3458
KEGG_T_CELL_RECEPTOR_SIGNALING_PATHWAY,10298
KEGG_T_CELL_RECEPTOR_SIGNALING_PATHWAY,925
KEGG_T_CELL_RECEPTOR_SIGNALING_PATHWAY,3586
KEGG_T_CELL_RECEPTOR_SIGNALING_PATHWAY,7006
KEGG_T_CELL_RECEPTOR_SIGNALING_PATHWAY,926
KEGG_TASTE_TRANSDUCTION,5566
KEGG_TASTE_TRANSDUCTION,3745
KEGG_TASTE_TRANSDUCTION,6338
KEGG_TASTE_TRANSDUCTION,2784
KEGG_TGF_BETA_SIGNALING_PATHWAY,269
KEGG_TGF_BETA_SIGNALING_PATHWAY,658
KEGG_TGF_BETA_SIGNALING_PATHWAY,7042
KEGG_TGF_BETA_SIGNALING_PATHWAY,650
KEGG_TGF_BETA_SIGNALING_PATHWAY,1634
KEGG_TGF_BETA_SIGNALING_PATHWAY,130399
KEGG_TGF_BETA_SIGNALING_PATHWAY,5933
KEGG_TGF_BETA_SIGNALING_PATHWAY,3458
KEGG_TGF_BETA_SIGNALING_PATHWAY,3625
KEGG_TGF_BETA_SIGNALING_PATHWAY,5519
KEGG_TGF_BETA_SIGNALING_PATHWAY,10468
KEGG_TGF_BETA_SIGNALING_PATHWAY,4091
KEGG_TGF_BETA_SIGNALING_PATHWAY,1875
KEGG_TGF_BETA_SIGNALING_PATHWAY,4093
KEGG_TGF_BETA_SIGNALING_PATHWAY,7060
KEGG_TGF_BETA_SIGNALING_PATHWAY,3400
KEGG_TGF_BETA_SIGNALING_PATHWAY,7043
KEGG_TGF_BETA_SIGNALING_PATHWAY,1030
KEGG_TGF_BETA_SIGNALING_PATHWAY,7044
KEGG_TGF_BETA_SIGNALING_PATHWAY,8646
KEGG_TGF_BETA_SIGNALING_PATHWAY,654
KEGG_TGF_BETA_SIGNALING_PATHWAY,7027
KEGG_TGF_BETA_SIGNALING_PATHWAY,3624
KEGG_THYROID_CANCER,6934
KEGG_THYROID_CANCER,595
KEGG_THYROID_CANCER,51176
KEGG_THYROID_CANCER,6256
KEGG_THYROID_CANCER,6932
KEGG_THYROID_CANCER,5979
KEGG_THYROID_CANCER,5468
KEGG_TIGHT_JUNCTION,9223
KEGG_TIGHT_JUNCTION,51208
KEGG_TIGHT_JUNCTION,7525
KEGG_TIGHT_JUNCTION,3993
KEGG_TIGHT_JUNCTION,81
KEGG_TIGHT_JUNCTION,9080
KEGG_TIGHT_JUNCTION,5588
KEGG_TIGHT_JUNCTION,2017
KEGG_TIGHT_JUNCTION,154810
KEGG_TIGHT_JUNCTION,9076
KEGG_TIGHT_JUNCTION,9863
KEGG_TIGHT_JUNCTION,6714
KEGG_TIGHT_JUNCTION,58494
KEGG_TIGHT_JUNCTION,5519
KEGG_TIGHT_JUNCTION,8777
KEGG_TIGHT_JUNCTION,10686
KEGG_TIGHT_JUNCTION,22808
KEGG_TIGHT_JUNCTION,2036
KEGG_TIGHT_JUNCTION,5010
KEGG_TIGHT_JUNCTION,10398
KEGG_TIGHT_JUNCTION,6237
KEGG_TIGHT_JUNCTION,137075
KEGG_TOLL_LIKE_RECEPTOR_SIGNALING_PATHWAY,5602
KEGG_TOLL_LIKE_RECEPTOR_SIGNALING_PATHWAY,7098
KEGG_TOLL_LIKE_RECEPTOR_SIGNALING_PATHWAY,4283
KEGG_TOLL_LIKE_RECEPTOR_SIGNALING_PATHWAY,7099
KEGG_TOLL_LIKE_RECEPTOR_SIGNALING_PATHWAY,3929
KEGG_TOLL_LIKE_RECEPTOR_SIGNALING_PATHWAY,7097
KEGG_TOLL_LIKE_RECEPTOR_SIGNALING_PATHWAY,1513
KEGG_TOLL_LIKE_RECEPTOR_SIGNALING_PATHWAY,3627
KEGG_TRYPTOPHAN_METABOLISM,4129
KEGG_TRYPTOPHAN_METABOLISM,51166
KEGG_TRYPTOPHAN_METABOLISM,39
KEGG_TRYPTOPHAN_METABOLISM,1545
KEGG_TRYPTOPHAN_METABOLISM,3620
KEGG_TYPE_I_DIABETES_MELLITUS,5799
KEGG_TYPE_I_DIABETES_MELLITUS,940
KEGG_TYPE_I_DIABETES_MELLITUS,1363
KEGG_TYPE_I_DIABETES_MELLITUS,3458
KEGG_TYPE_I_DIABETES_MELLITUS,3329
KEGG_TYPE_I_DIABETES_MELLITUS,3133
KEGG_TYPE_II_DIABETES_MELLITUS,776
KEGG_TYPE_II_DIABETES_MELLITUS,3643
KEGG_TYPE_II_DIABETES_MELLITUS,9370
KEGG_TYPE_II_DIABETES_MELLITUS,5602
KEGG_TYPE_II_DIABETES_MELLITUS,3101
KEGG_TYPE_II_DIABETES_MELLITUS,775
KEGG_TYPE_II_DIABETES_MELLITUS,8660
KEGG_TYPE_II_DIABETES_MELLITUS,8913
KEGG_TYPE_II_DIABETES_MELLITUS,9021
KEGG_TYROSINE_METABOLISM,7173
KEGG_TYROSINE_METABOLISM,124
KEGG_TYROSINE_METABOLISM,4129
KEGG_TYROSINE_METABOLISM,125
KEGG_TYROSINE_METABOLISM,221
KEGG_UBIQUITIN_MEDIATED_PROTEOLYSIS,23295
KEGG_UBIQUITIN_MEDIATED_PROTEOLYSIS,4281
KEGG_UBIQUITIN_MEDIATED_PROTEOLYSIS,991
KEGG_UBIQUITIN_MEDIATED_PROTEOLYSIS,11065
KEGG_UBIQUITIN_MEDIATED_PROTEOLYSIS,330
KEGG_UBIQUITIN_MEDIATED_PROTEOLYSIS,672
KEGG_UBIQUITIN_MEDIATED_PROTEOLYSIS,51465
KEGG_UBIQUITIN_MEDIATED_PROTEOLYSIS,9021
KEGG_UBIQUITIN_MEDIATED_PROTEOLYSIS,90293
KEGG_UBIQUITIN_MEDIATED_PROTEOLYSIS,326
KEGG_VALINE_LEUCINE_AND_ISOLEUCINE_DEGRADATION,35
KEGG_VALINE_LEUCINE_AND_ISOLEUCINE_DEGRADATION,586
KEGG_VALINE_LEUCINE_AND_ISOLEUCINE_DEGRADATION,39
KEGG_VALINE_LEUCINE_AND_ISOLEUCINE_DEGRADATION,5019
KEGG_VASCULAR_SMOOTH_MUSCLE_CONTRACTION,776
KEGG_VASCULAR_SMOOTH_MUSCLE_CONTRACTION,147
KEGG_VASCULAR_SMOOTH_MUSCLE_CONTRACTION,10242
KEGG_VASCULAR_SMOOTH_MUSCLE_CONTRACTION,5566
KEGG_VASCULAR_SMOOTH_MUSCLE_CONTRACTION,185
KEGG_VASCULAR_SMOOTH_MUSCLE_CONTRACTION,94274
KEGG_VASCULAR_SMOOTH_MUSCLE_CONTRACTION,2977
KEGG_VASCULAR_SMOOTH_MUSCLE_CONTRACTION,5331
KEGG_VASCULAR_SMOOTH_MUSCLE_CONTRACTION,26279
KEGG_VASCULAR_SMOOTH_MUSCLE_CONTRACTION,146
KEGG_VASCULAR_SMOOTH_MUSCLE_CONTRACTION,2767
KEGG_VASCULAR_SMOOTH_MUSCLE_CONTRACTION,5588
KEGG_VASCULAR_SMOOTH_MUSCLE_CONTRACTION,775
KEGG_VASCULAR_SMOOTH_MUSCLE_CONTRACTION,85366
KEGG_VASCULAR_SMOOTH_MUSCLE_CONTRACTION,111
KEGG_VASCULAR_SMOOTH_MUSCLE_CONTRACTION,10268
KEGG_VASCULAR_SMOOTH_MUSCLE_CONTRACTION,148
KEGG_VASCULAR_SMOOTH_MUSCLE_CONTRACTION,3778
KEGG_VASCULAR_SMOOTH_MUSCLE_CONTRACTION,115
KEGG_VASCULAR_SMOOTH_MUSCLE_CONTRACTION,4638
KEGG_VASCULAR_SMOOTH_MUSCLE_CONTRACTION,5501
KEGG_VASCULAR_SMOOTH_MUSCLE_CONTRACTION,5320
KEGG_VASCULAR_SMOOTH_MUSCLE_CONTRACTION,10398
KEGG_VASOPRESSIN_REGULATED_WATER_REABSORPTION,360
KEGG_VASOPRESSIN_REGULATED_WATER_REABSORPTION,5566
KEGG_VASOPRESSIN_REGULATED_WATER_REABSORPTION,9586
KEGG_VASOPRESSIN_REGULATED_WATER_REABSORPTION,115
KEGG_VASOPRESSIN_REGULATED_WATER_REABSORPTION,90993
KEGG_VASOPRESSIN_REGULATED_WATER_REABSORPTION,554
KEGG_VEGF_SIGNALING_PATHWAY,4846
KEGG_VEGF_SIGNALING_PATHWAY,7422
KEGG_VEGF_SIGNALING_PATHWAY,25759
KEGG_VEGF_SIGNALING_PATHWAY,26279
KEGG_VEGF_SIGNALING_PATHWAY,8877
KEGG_VEGF_SIGNALING_PATHWAY,6714
KEGG_VEGF_SIGNALING_PATHWAY,5320
KEGG_VEGF_SIGNALING_PATHWAY,5743
KEGG_VIBRIO_CHOLERAE_INFECTION,5566
KEGG_VIBRIO_CHOLERAE_INFECTION,115
KEGG_VIBRIO_CHOLERAE_INFECTION,245972
KEGG_VIBRIO_CHOLERAE_INFECTION,3784
KEGG_VIBRIO_CHOLERAE_INFECTION,527
KEGG_VIBRIO_CHOLERAE_INFECTION,11015
KEGG_VIRAL_MYOCARDITIS,595
KEGG_VIRAL_MYOCARDITIS,857
KEGG_VIRAL_MYOCARDITIS,940
KEGG_VIRAL_MYOCARDITIS,959
KEGG_VIRAL_MYOCARDITIS,6442
KEGG_VIRAL_MYOCARDITIS,3908
KEGG_VIRAL_MYOCARDITIS,6444
KEGG_VIRAL_MYOCARDITIS,836
KEGG_VIRAL_MYOCARDITIS,1756
KEGG_VIRAL_MYOCARDITIS,1525
KEGG_VIRAL_MYOCARDITIS,3133
KEGG_WNT_SIGNALING_PATHWAY,5566
KEGG_WNT_SIGNALING_PATHWAY,6934
KEGG_WNT_SIGNALING_PATHWAY,595
KEGG_WNT_SIGNALING_PATHWAY,7472
KEGG_WNT_SIGNALING_PATHWAY,23500
KEGG_WNT_SIGNALING_PATHWAY,64321
KEGG_WNT_SIGNALING_PATHWAY,5602
KEGG_WNT_SIGNALING_PATHWAY,5331
KEGG_WNT_SIGNALING_PATHWAY,6422
KEGG_WNT_SIGNALING_PATHWAY,8325
KEGG_WNT_SIGNALING_PATHWAY,144165
KEGG_WNT_SIGNALING_PATHWAY,51176
KEGG_WNT_SIGNALING_PATHWAY,1488
KEGG_WNT_SIGNALING_PATHWAY,7476
KEGG_WNT_SIGNALING_PATHWAY,7475
KEGG_WNT_SIGNALING_PATHWAY,57216
KEGG_WNT_SIGNALING_PATHWAY,80319
KEGG_WNT_SIGNALING_PATHWAY,4316
KEGG_WNT_SIGNALING_PATHWAY,7976
KEGG_WNT_SIGNALING_PATHWAY,1855
KEGG_WNT_SIGNALING_PATHWAY,11211
KEGG_WNT_SIGNALING_PATHWAY,5519
KEGG_WNT_SIGNALING_PATHWAY,6423
KEGG_WNT_SIGNALING_PATHWAY,6932
KEGG_WNT_SIGNALING_PATHWAY,85407
KEGG_WNT_SIGNALING_PATHWAY,4041
KEGG_WNT_SIGNALING_PATHWAY,8321
KEGG_WNT_SIGNALING_PATHWAY,8313
KEGG_WNT_SIGNALING_PATHWAY,10023
